date,ball_1,ball_2,ball_3,ball_4,ball_5,ball_6
2022-12-09,8,19,53,61,69,19
2022-06-14,30,37,38,42,58,22
2022-12-06,15,16,19,28,47,13
2022-06-10,3,12,14,18,32,4
2022-12-02,1,21,36,46,52,16
2022-06-07,4,34,40,41,53,3
2022-11-29,20,23,37,46,52,6
2022-06-03,11,16,22,48,59,11
2022-11-25,29,31,46,54,67,18
2022-05-31,6,15,41,63,64,24
2022-11-22,13,23,24,25,43,2
2022-05-27,3,14,40,53,54,8
2022-11-18,2,14,16,38,66,9
2022-05-24,3,5,6,63,68,25
2022-11-15,6,19,28,46,61,18
2022-05-20,33,40,59,60,69,22
2022-11-11,1,5,17,37,70,22
2022-05-17,7,21,24,41,65,24
2022-11-08,5,13,29,38,59,23
2022-05-13,11,41,43,44,65,13
2022-11-04,2,20,47,55,59,19
2022-05-10,15,19,20,61,70,9
2022-11-01,5,9,15,16,17,25
2022-05-06,16,21,33,52,70,10
2022-10-28,4,18,31,53,69,7
2022-05-03,15,19,27,35,57,17
2022-10-25,21,30,35,45,66,21
2022-04-29,9,11,34,49,66,15
2022-10-21,34,36,43,45,68,22
2022-04-26,5,7,19,46,69,2
2022-10-18,1,15,20,44,67,23
2022-04-22,7,28,29,58,59,10
2022-10-14,9,22,26,41,44,19
2022-04-19,2,9,33,47,53,24
2022-10-11,3,7,11,13,38,1
2022-04-15,4,17,20,46,64,23
2022-10-07,6,11,29,36,55,21
2022-04-12,2,8,14,20,31,17
2022-10-04,15,18,25,33,38,25
2022-04-08,8,11,29,32,40,2
2022-09-30,16,26,37,40,51,6
2022-04-05,22,43,60,63,64,18
2022-09-27,8,14,24,43,51,9
2022-04-01,26,42,47,48,63,21
2022-09-23,5,50,53,58,64,22
2022-03-29,7,22,36,45,47,12
2022-09-20,9,21,28,30,52,10
2022-03-25,3,13,42,51,58,17
2022-09-16,15,30,35,38,66,12
2022-03-22,8,15,21,27,61,8
2022-09-13,14,25,38,59,64,21
2022-03-18,2,6,25,40,45,5
2022-09-09,16,21,54,55,69,22
2022-03-15,9,14,28,59,60,24
2022-09-06,6,17,46,59,68,2
2022-03-11,24,28,39,44,66,25
2022-09-02,39,40,52,60,67,20
2022-03-08,7,18,38,58,64,24
2022-08-30,2,38,55,57,65,17
2022-03-04,11,19,28,46,47,5
2022-08-26,6,27,30,38,64,23
2022-03-01,18,22,38,39,50,18
2022-08-23,3,5,47,48,67,7
2022-02-25,15,31,40,56,66,4
2022-08-19,12,18,24,46,65,3
2022-02-22,6,17,22,57,62,3
2022-08-16,33,35,41,45,51,1
2022-02-18,6,11,50,63,68,17
2022-08-12,23,24,50,54,64,3
2022-02-15,2,4,15,21,63,19
2022-08-09,1,8,10,25,32,13
2022-02-11,11,16,23,24,30,24
2022-08-05,2,5,29,64,69,18
2022-02-08,1,17,20,52,54,2
2022-08-02,10,14,25,37,63,14
2022-02-04,7,16,34,44,61,24
2022-07-29,13,36,45,57,67,14
2022-02-01,11,24,38,62,66,1
2022-07-26,7,29,60,63,66,15
2022-01-28,3,16,25,44,55,13
2022-07-22,14,40,60,64,66,16
2022-01-25,3,12,38,53,58,13
2022-07-19,2,31,32,37,70,25
2022-01-21,38,45,46,55,67,18
2022-07-15,8,20,26,53,64,15
2022-01-18,4,19,39,42,52,9
2022-07-12,4,7,10,45,64,12
2022-01-14,5,8,13,22,48,25
2022-07-08,20,36,61,62,69,20
2022-01-11,2,3,19,52,58,16
2022-07-05,27,31,50,51,61,21
2022-01-07,7,29,43,56,57,6
2022-07-01,1,27,29,38,62,12
2022-01-04,4,6,16,21,22,1
2022-06-28,7,12,21,43,55,11
2021-12-31,2,5,30,46,61,8
2022-06-24,1,7,11,25,56,14
2021-12-28,3,5,8,31,38,4
2022-06-21,8,13,18,32,42,20
2021-12-24,16,17,25,36,37,16
2022-06-17,20,36,53,56,69,16
2021-12-21,25,31,58,64,67,24
2021-12-17,21,32,38,48,62,10
2021-06-22,1,26,48,51,59,25
2021-12-14,33,35,44,55,69,20
2021-06-18,14,36,44,46,53,18
2021-12-10,23,25,40,42,60,8
2021-06-15,18,22,27,38,52,11
2021-12-07,1,7,40,43,68,1
2021-06-11,4,43,56,63,68,13
2021-12-03,22,45,48,58,61,13
2021-06-08,9,22,39,41,54,19
2021-11-30,7,8,26,30,39,17
2021-06-04,4,30,34,41,64,8
2021-11-26,7,27,37,42,59,2
2021-06-01,7,11,33,58,63,23
2021-11-23,7,24,54,57,58,6
2021-05-28,10,14,20,47,70,15
2021-11-19,5,23,52,53,59,18
2021-05-25,14,21,31,34,54,11
2021-11-16,6,22,44,53,65,3
2021-05-21,6,9,17,18,48,8
2021-11-12,30,32,42,46,48,15
2021-05-18,3,5,56,61,66,4
2021-11-09,9,14,16,26,49,14
2021-05-14,3,18,41,44,68,3
2021-11-05,10,15,20,66,68,18
2021-05-11,7,8,20,36,39,22
2021-11-02,5,10,26,58,65,9
2021-05-07,5,10,19,21,50,10
2021-10-29,15,26,28,35,45,4
2021-05-04,4,27,32,57,63,22
2021-10-26,6,14,19,56,62,9
2021-04-30,8,19,26,48,49,5
2021-10-22,9,14,26,29,66,22
2021-04-27,15,22,30,41,42,25
2021-10-19,3,12,13,19,52,1
2021-04-23,4,28,29,30,60,25
2021-10-15,3,20,31,34,65,18
2021-04-20,6,23,43,49,52,5
2021-10-12,21,26,56,61,65,4
2021-04-16,17,27,28,50,55,25
2021-10-08,21,24,36,40,70,22
2021-04-13,10,15,19,45,68,9
2021-10-05,7,11,18,30,36,4
2021-04-09,22,26,27,58,66,12
2021-10-01,21,25,36,62,63,6
2021-04-06,1,19,20,32,42,17
2021-09-28,18,30,43,68,69,22
2021-04-02,10,42,48,53,62,19
2021-09-24,17,21,27,43,56,15
2021-03-30,11,37,47,53,56,15
2021-09-21,36,41,45,51,56,13
2021-03-26,4,25,37,46,67,15
2021-09-17,17,32,40,59,61,18
2021-03-23,12,23,35,38,55,11
2021-09-14,4,13,19,63,64,16
2021-03-19,9,14,40,58,69,8
2021-09-10,20,32,35,47,64,18
2021-03-16,10,41,46,52,69,8
2021-09-07,15,17,25,32,53,12
2021-03-12,2,24,25,31,65,18
2021-09-03,7,10,12,61,65,3
2021-03-09,4,33,46,58,65,13
2021-08-31,8,14,31,58,68,15
2021-03-05,10,11,17,27,54,20
2021-08-27,1,10,44,47,56,23
2021-03-02,4,8,13,34,64,18
2021-08-24,17,18,26,52,67,19
2021-02-26,11,15,37,62,64,5
2021-08-20,41,43,51,57,70,1
2021-02-23,5,7,9,20,57,15
2021-08-17,3,6,16,38,56,24
2021-02-19,27,32,47,50,53,4
2021-08-13,17,21,35,40,53,11
2021-02-16,1,36,44,54,66,10
2021-08-10,29,45,50,59,62,12
2021-02-12,5,14,24,25,27,14
2021-08-06,9,18,40,46,69,9
2021-02-09,7,18,21,31,40,9
2021-08-03,1,9,17,27,34,24
2021-02-05,14,17,28,29,44,2
2021-07-30,19,26,31,52,68,10
2021-02-02,13,37,38,40,67,10
2021-07-27,2,35,36,54,64,11
2021-01-29,4,44,58,59,70,3
2021-07-23,13,17,19,40,69,17
2021-01-26,29,49,56,66,67,24
2021-07-20,10,26,30,52,57,10
2021-01-22,4,26,42,50,60,24
2021-07-16,24,25,47,52,57,24
2021-01-19,10,19,26,28,50,16
2021-07-13,3,10,17,26,55,24
2021-01-15,3,11,12,38,43,15
2021-07-09,6,37,39,41,46,17
2021-01-12,12,14,26,28,33,9
2021-07-06,18,47,63,68,69,14
2021-01-08,3,6,16,18,58,11
2021-07-02,8,31,32,34,45,19
2021-01-05,20,43,51,55,57,4
2021-06-29,7,38,50,52,69,21
2021-01-01,8,24,53,68,69,7
2021-06-25,17,20,42,45,65,12
2020-12-29,1,31,35,48,62,19
2020-12-25,17,23,36,69,70,19
2020-06-30,9,16,29,37,53,11
2020-12-22,29,53,56,59,67,21
2020-06-26,19,33,37,56,57,6
2020-12-18,7,15,25,51,60,5
2020-06-23,6,20,37,40,48,15
2020-12-15,1,10,18,20,46,15
2020-06-19,11,34,36,52,66,7
2020-12-11,19,31,37,55,67,25
2020-06-16,21,23,33,35,42,6
2020-12-08,15,19,33,39,68,25
2020-06-12,9,14,57,67,70,2
2020-12-04,3,19,24,44,50,8
2020-06-09,1,5,9,10,23,22
2020-12-01,7,33,53,61,65,14
2020-06-05,32,35,37,47,55,22
2020-11-27,4,10,27,35,58,10
2020-06-02,9,20,23,26,29,8
2020-11-24,9,15,34,61,64,6
2020-05-29,10,13,32,41,51,3
2020-11-20,26,33,45,61,68,17
2020-05-26,34,52,58,59,62,4
2020-11-17,8,13,35,46,68,16
2020-05-22,8,10,20,44,46,18
2020-11-13,6,7,14,28,59,7
2020-05-19,8,19,25,36,66,9
2020-11-10,23,45,53,58,62,13
2020-05-15,11,17,32,33,46,25
2020-11-06,18,24,27,34,60,2
2020-05-12,7,16,27,44,52,5
2020-11-03,7,31,44,45,55,19
2020-05-08,5,20,22,61,70,4
2020-10-30,14,19,34,39,59,11
2020-05-05,7,13,17,21,45,14
2020-10-27,6,13,34,46,62,1
2020-05-01,28,30,31,35,66,14
2020-10-23,18,34,44,60,69,22
2020-04-28,13,19,53,54,63,17
2020-10-20,46,54,57,58,66,10
2020-04-24,1,27,32,60,67,18
2020-10-16,27,32,50,52,57,12
2020-04-21,13,15,24,67,70,17
2020-10-13,11,44,45,46,70,25
2020-04-17,13,35,39,46,55,14
2020-10-09,5,11,25,27,64,13
2020-04-14,29,47,65,69,70,7
2020-10-06,15,16,18,39,59,17
2020-04-10,2,11,21,57,60,13
2020-10-02,9,38,47,49,68,25
2020-04-07,25,33,43,51,68,20
2020-09-29,14,39,43,44,67,19
2020-04-03,24,38,44,57,58,17
2020-09-25,20,36,37,48,67,16
2020-03-31,8,17,51,57,70,2
2020-09-22,36,43,44,55,68,12
2020-03-27,3,25,28,50,60,1
2020-09-18,26,29,41,52,64,11
2020-03-24,2,8,16,18,31,14
2020-09-15,25,28,38,59,62,22
2020-03-20,34,35,41,45,54,5
2020-09-11,3,15,42,48,56,13
2020-03-17,20,27,28,58,59,25
2020-09-08,7,10,15,31,57,21
2020-03-13,7,22,37,43,44,22
2020-09-04,19,22,24,28,53,25
2020-03-10,6,17,48,54,69,12
2020-09-01,15,25,26,38,47,22
2020-03-06,15,48,56,58,70,4
2020-08-28,3,9,50,53,64,1
2020-03-03,8,12,33,56,64,2
2020-08-25,8,10,15,17,57,12
2020-02-28,2,3,14,41,64,17
2020-08-21,11,15,31,42,63,14
2020-02-25,2,9,43,49,63,15
2020-08-18,4,18,26,27,58,23
2020-02-21,4,7,13,16,60,6
2020-08-14,3,24,29,42,47,13
2020-02-18,6,12,39,61,70,4
2020-08-11,8,22,29,43,56,9
2020-02-14,10,32,48,54,55,18
2020-08-07,4,44,53,64,70,3
2020-02-11,4,6,32,52,64,6
2020-08-04,2,22,30,42,62,20
2020-02-07,9,14,27,36,52,4
2020-07-31,12,35,46,48,69,23
2020-02-04,32,48,50,51,64,10
2020-07-28,17,20,27,31,34,19
2020-01-31,28,31,33,57,62,19
2020-07-24,8,33,39,54,58,17
2020-01-28,17,36,47,51,62,21
2020-07-21,14,25,26,41,43,15
2020-01-24,3,4,18,23,38,24
2020-07-17,12,13,21,46,57,21
2020-01-21,16,18,29,31,37,8
2020-07-14,6,26,55,56,64,22
2020-01-17,3,25,30,54,70,9
2020-07-10,10,15,20,49,53,22
2020-01-14,9,11,13,31,47,11
2020-07-07,16,20,25,30,43,18
2020-01-10,17,27,49,51,66,2
2020-07-03,20,40,44,45,50,24
2020-01-07,25,40,41,52,56,21
2020-01-03,37,41,42,53,63,16
2019-07-09,12,26,40,48,64,1
2019-12-31,30,44,49,53,56,11
2019-07-05,6,38,47,57,63,12
2019-12-27,17,34,40,63,64,24
2019-07-02,3,25,37,40,55,13
2019-12-24,27,37,48,63,66,11
2019-06-28,2,35,49,53,63,1
2019-12-20,3,20,23,35,60,16
2019-06-25,24,33,45,47,61,17
2019-12-17,22,30,53,55,56,16
2019-06-21,13,30,36,48,62,18
2019-12-13,17,21,29,39,56,22
2019-06-18,12,14,22,24,48,21
2019-12-10,18,31,46,54,61,25
2019-06-14,19,40,47,57,65,6
2019-12-06,20,31,40,46,61,20
2019-06-11,20,34,39,43,57,13
2019-12-03,23,43,60,63,69,19
2019-06-07,17,19,27,40,68,2
2019-11-29,6,8,31,50,65,9
2019-06-04,25,37,46,48,68,25
2019-11-26,8,27,29,38,43,13
2019-05-31,7,8,26,65,67,4
2019-11-22,7,12,17,49,53,24
2019-05-28,9,21,34,42,50,21
2019-11-19,22,43,44,47,66,22
2019-05-24,14,41,44,56,62,10
2019-11-15,12,19,34,35,68,20
2019-05-21,10,50,55,56,58,15
2019-11-12,19,30,44,56,65,24
2019-05-17,5,17,28,32,63,11
2019-11-08,3,4,10,39,58,14
2019-05-14,11,59,66,67,68,18
2019-11-05,2,9,24,49,54,19
2019-05-10,3,16,21,61,62,19
2019-11-01,9,20,36,41,54,22
2019-05-07,3,6,34,54,63,19
2019-10-29,4,9,17,27,39,22
2019-05-03,8,16,22,66,68,11
2019-10-25,16,24,25,52,60,6
2019-04-30,24,37,41,61,70,20
2019-10-22,5,11,14,23,25,10
2019-04-26,9,17,23,30,46,10
2019-10-18,18,58,60,65,67,20
2019-04-23,7,24,30,48,67,9
2019-10-15,4,12,14,35,70,2
2019-04-19,18,25,43,44,57,25
2019-10-11,14,22,30,37,60,8
2019-04-16,11,29,34,48,54,10
2019-10-08,5,8,10,17,48,23
2019-04-12,1,24,25,40,70,4
2019-10-04,11,38,44,48,70,17
2019-04-09,11,22,34,44,58,9
2019-10-01,10,17,39,42,59,3
2019-04-05,8,22,24,38,64,21
2019-09-27,12,20,31,43,45,20
2019-04-02,33,47,58,59,64,25
2019-09-24,6,14,24,42,46,9
2019-03-29,5,14,15,62,66,3
2019-09-20,23,24,42,48,53,22
2019-03-26,4,14,22,43,58,9
2019-09-17,12,15,30,50,65,1
2019-03-22,7,36,58,60,62,10
2019-09-13,6,16,37,59,62,5
2019-03-19,10,42,53,67,68,15
2019-09-10,34,47,48,50,55,24
2019-03-15,3,29,56,62,64,4
2019-09-06,4,11,13,19,31,10
2019-03-12,10,12,16,49,57,18
2019-09-03,13,20,27,61,62,5
2019-03-08,4,9,42,62,68,7
2019-08-30,3,9,11,34,39,10
2019-03-05,15,20,32,37,52,6
2019-08-27,8,12,23,39,43,6
2019-03-01,29,33,39,60,66,21
2019-08-23,11,15,37,54,68,21
2019-02-26,10,12,14,24,60,20
2019-08-20,8,14,25,51,63,4
2019-02-22,18,24,31,34,55,4
2019-08-16,4,14,24,26,46,14
2019-02-19,17,24,34,56,65,3
2019-08-13,7,27,31,34,51,5
2019-02-15,10,38,40,43,65,12
2019-08-09,15,53,56,59,63,1
2019-02-12,15,32,39,50,65,7
2019-08-06,11,17,31,43,55,16
2019-02-08,14,24,31,42,48,13
2019-08-02,11,20,26,48,70,19
2019-02-05,3,34,36,59,66,7
2019-07-30,10,24,28,33,38,6
2019-02-01,2,37,48,66,68,11
2019-07-26,4,6,11,43,48,11
2019-01-29,10,33,53,54,62,22
2019-07-23,1,4,23,40,45,11
2019-01-25,8,16,30,38,61,10
2019-07-19,16,18,28,33,67,14
2019-01-22,4,15,37,59,64,16
2019-07-16,8,16,31,48,52,23
2019-01-18,2,43,48,62,64,24
2019-07-12,8,25,38,56,59,7
2019-01-15,29,52,58,60,62,7
2019-01-11,4,5,31,62,69,20
2018-07-17,40,41,61,66,67,12
2019-01-08,13,26,29,38,64,5
2018-07-13,21,22,39,59,68,2
2019-01-04,21,29,35,54,60,15
2018-07-10,1,17,28,56,70,14
2019-01-01,34,44,57,62,70,14
2018-07-06,2,10,46,50,56,16
2018-12-28,9,10,25,37,38,21
2018-07-03,13,35,45,49,68,23
2018-12-25,2,8,42,43,50,6
2018-06-29,2,32,47,49,68,23
2018-12-21,10,13,61,62,70,5
2018-06-26,17,25,29,39,60,19
2018-12-18,13,22,32,60,69,9
2018-06-22,2,6,11,27,44,20
2018-12-14,5,22,26,43,49,23
2018-06-19,11,13,28,65,70,14
2018-12-11,4,38,39,54,59,12
2018-06-15,1,11,37,47,51,6
2018-12-07,4,10,20,33,57,13
2018-06-12,1,3,5,8,70,3
2018-12-04,28,31,41,42,50,4
2018-06-08,14,30,33,44,56,13
2018-11-30,25,28,40,43,63,19
2018-06-05,22,33,41,48,52,4
2018-11-27,12,24,37,42,57,18
2018-06-01,5,24,52,62,66,17
2018-11-23,7,10,30,33,59,23
2018-05-29,2,11,55,58,67,2
2018-11-20,10,16,31,42,66,10
2018-05-25,11,14,51,64,68,25
2018-11-16,33,36,63,68,69,16
2018-05-22,16,17,21,36,48,9
2018-11-13,34,46,57,65,69,11
2018-05-18,9,26,53,64,66,11
2018-11-09,8,14,27,57,67,5
2018-05-15,21,34,44,49,61,21
2018-11-06,28,34,37,56,69,12
2018-05-11,14,38,40,53,70,22
2018-11-02,3,23,28,46,62,16
2018-05-08,8,15,39,64,67,13
2018-10-30,20,31,39,46,49,23
2018-05-04,4,5,10,12,18,21
2018-10-26,1,28,61,62,63,5
2018-05-01,2,7,20,55,70,1
2018-10-23,5,28,62,65,70,5
2018-04-27,2,29,38,63,66,11
2018-10-19,15,23,53,65,70,7
2018-04-24,3,19,31,32,48,10
2018-10-16,3,45,49,61,69,9
2018-04-20,1,15,18,32,45,4
2018-10-12,4,24,46,61,70,7
2018-04-17,12,34,44,47,65,22
2018-10-09,20,22,39,54,60,18
2018-04-13,8,9,32,42,59,10
2018-10-05,27,28,32,41,69,12
2018-04-10,5,13,31,43,53,20
2018-10-02,2,22,29,31,34,1
2018-04-06,16,33,51,54,67,20
2018-09-28,39,45,52,56,59,15
2018-04-03,4,29,39,42,62,14
2018-09-25,8,16,32,48,61,12
2018-03-30,11,28,31,46,59,1
2018-09-21,1,2,11,52,64,9
2018-03-27,7,25,43,56,59,13
2018-09-18,31,32,43,63,68,17
2018-03-23,4,8,23,53,59,17
2018-09-14,23,30,40,43,66,13
2018-03-20,14,38,51,64,70,9
2018-09-11,15,30,51,62,67,19
2018-03-16,1,13,26,33,52,11
2018-09-07,8,10,41,54,68,10
2018-03-13,6,30,58,60,61,17
2018-09-04,2,7,25,35,44,3
2018-03-09,7,17,18,46,66,22
2018-08-31,7,18,29,32,45,17
2018-03-06,1,4,26,35,39,22
2018-08-28,3,20,33,34,41,20
2018-03-02,24,28,42,60,64,8
2018-08-24,1,6,13,18,49,8
2018-02-27,10,17,21,38,43,23
2018-08-21,14,16,19,38,57,11
2018-02-23,7,11,13,19,58,9
2018-08-17,1,31,32,47,56,3
2018-02-20,17,19,23,24,43,14
2018-08-14,11,26,44,45,46,11
2018-02-16,14,38,48,53,58,16
2018-08-10,1,3,12,22,42,6
2018-02-13,5,12,15,46,49,1
2018-08-07,2,13,15,21,62,2
2018-02-09,28,34,41,46,47,14
2018-08-03,9,28,30,54,60,2
2018-02-06,14,17,25,48,58,25
2018-07-31,12,15,35,64,69,9
2018-02-02,1,4,14,17,40,4
2018-07-27,1,32,40,49,63,20
2018-01-30,29,41,42,49,57,24
2018-07-24,1,2,4,19,29,20
2018-01-26,10,16,27,38,43,1
2018-07-20,1,14,30,44,62,1
2018-01-23,2,6,30,31,55,7
2018-01-19,3,17,23,49,66,23
2017-07-25,2,5,26,58,60,6
2018-01-16,3,11,23,29,59,18
2017-07-21,18,31,36,50,74,10
2018-01-12,17,18,33,46,60,24
2017-07-18,8,12,23,51,73,6
2018-01-09,16,29,31,65,67,23
2017-07-14,11,12,24,32,73,1
2018-01-05,28,30,39,59,70,10
2017-07-11,7,18,24,55,74,10
2018-01-02,1,42,47,64,70,22
2017-07-07,2,9,11,28,60,10
2017-12-29,4,10,18,28,62,7
2017-07-04,16,39,47,53,71,15
2017-12-26,10,12,20,38,41,25
2017-06-30,10,38,51,55,64,6
2017-12-22,1,20,30,33,42,16
2017-06-27,4,21,45,52,57,14
2017-12-19,28,37,39,42,58,2
2017-06-23,12,20,53,66,74,11
2017-12-15,4,12,36,44,57,19
2017-06-20,2,15,41,49,63,3
2017-12-12,8,23,24,25,27,9
2017-06-16,18,22,26,30,44,9
2017-12-08,6,37,46,60,70,24
2017-06-13,27,51,62,68,75,8
2017-12-05,14,15,37,42,67,22
2017-06-09,3,16,28,33,37,9
2017-12-01,16,22,40,41,59,8
2017-06-06,3,5,16,49,75,5
2017-11-28,10,17,47,51,61,5
2017-06-02,7,42,57,69,72,10
2017-11-24,16,36,54,61,64,22
2017-05-30,5,20,32,37,67,5
2017-11-21,3,7,22,27,50,3
2017-05-26,25,26,28,37,56,5
2017-11-17,3,26,55,58,70,15
2017-05-23,6,13,17,33,60,14
2017-11-14,1,14,21,22,28,19
2017-05-19,1,4,5,24,30,1
2017-11-10,6,23,38,42,58,24
2017-05-16,4,35,39,56,72,11
2017-11-07,1,54,60,68,69,11
2017-05-12,28,34,41,42,47,13
2017-11-03,10,22,42,61,69,3
2017-05-09,6,29,45,69,73,11
2017-10-31,6,28,31,52,53,12
2017-05-05,4,23,33,47,53,7
2017-10-27,17,27,41,51,52,13
2017-05-02,5,14,42,43,58,1
2017-10-24,20,24,34,56,64,6
2017-04-28,6,13,18,20,31,13
2017-10-20,6,23,63,66,73,9
2017-04-25,3,13,33,40,50,2
2017-10-17,31,45,49,56,70,11
2017-04-21,1,12,13,32,34,10
2017-10-13,2,7,18,26,31,12
2017-04-18,8,29,30,43,64,6
2017-10-10,7,16,24,61,62,2
2017-04-14,5,10,55,60,73,12
2017-10-06,21,33,36,45,56,12
2017-04-11,19,34,35,38,49,8
2017-10-03,12,18,19,25,67,7
2017-04-07,30,33,43,47,69,15
2017-09-29,25,51,62,73,74,7
2017-04-04,13,24,34,35,55,9
2017-09-26,1,10,57,66,75,4
2017-03-31,17,24,27,32,58,10
2017-09-22,5,39,54,63,66,15
2017-03-28,30,33,35,37,46,10
2017-09-19,9,28,31,50,61,10
2017-03-24,5,28,37,61,69,1
2017-09-15,18,24,34,38,58,3
2017-03-21,4,45,53,73,75,7
2017-09-12,26,37,41,54,65,3
2017-03-17,11,27,31,58,60,10
2017-09-08,4,5,14,26,73,14
2017-03-14,16,23,28,33,59,13
2017-09-05,11,17,59,70,72,1
2017-03-10,26,38,42,58,70,5
2017-09-01,4,13,31,50,64,12
2017-03-07,3,30,45,53,68,11
2017-08-29,2,13,17,35,73,3
2017-03-03,14,26,39,48,51,9
2017-08-25,17,38,42,51,65,11
2017-02-28,20,33,45,58,69,4
2017-08-22,24,35,46,50,51,7
2017-02-24,12,29,33,42,68,14
2017-08-18,1,31,34,40,75,6
2017-02-21,9,21,30,32,75,9
2017-08-15,7,16,20,66,73,7
2017-02-17,4,56,58,67,75,8
2017-08-11,23,33,53,56,58,6
2017-02-14,7,11,33,60,68,15
2017-08-08,11,17,50,52,74,14
2017-02-10,32,39,51,62,75,14
2017-08-04,9,17,25,63,71,4
2017-02-07,23,28,37,56,71,12
2017-08-01,20,22,52,57,73,7
2017-02-03,3,6,29,30,64,3
2017-07-28,4,6,31,49,52,11
2017-01-31,3,14,27,62,72,4
2017-01-27,17,37,53,54,61,8
2016-08-02,3,12,36,54,70,12
2017-01-24,8,42,54,63,67,11
2016-07-29,11,16,19,31,48,4
2017-01-20,7,9,24,41,53,14
2016-07-26,1,4,31,36,54,9
2017-01-17,20,31,54,56,59,3
2016-07-22,8,24,25,26,30,7
2017-01-13,10,44,58,74,75,11
2016-07-19,3,34,54,65,66,4
2017-01-10,11,20,40,41,59,15
2016-07-15,16,51,52,56,58,4
2017-01-06,6,10,44,47,54,6
2016-07-12,6,8,22,46,68,4
2017-01-03,14,16,23,49,53,12
2016-07-08,8,19,20,55,73,5
2016-12-30,6,21,33,39,43,2
2016-07-05,29,46,53,64,73,10
2016-12-27,2,28,30,38,39,11
2016-07-01,20,41,42,45,49,14
2016-12-23,21,30,39,60,69,15
2016-06-28,15,17,20,35,55,7
2016-12-20,1,12,14,48,65,2
2016-06-24,11,14,54,57,63,11
2016-12-16,1,8,15,36,43,6
2016-06-21,6,13,21,49,50,10
2016-12-13,2,15,26,34,41,14
2016-06-17,20,23,30,44,59,9
2016-12-09,19,27,47,67,68,1
2016-06-14,36,37,38,52,62,6
2016-12-06,13,34,48,53,63,12
2016-06-10,34,61,66,67,68,7
2016-12-02,3,33,35,49,51,1
2016-06-07,25,48,51,65,72,4
2016-11-29,22,33,49,51,59,8
2016-06-03,32,54,65,66,71,10
2016-11-25,44,47,49,69,75,10
2016-05-31,9,31,34,41,49,8
2016-11-22,1,43,45,66,69,7
2016-05-27,18,41,50,68,70,9
2016-11-18,31,32,49,55,58,15
2016-05-24,11,50,51,70,75,15
2016-11-15,9,17,23,57,71,6
2016-05-20,19,24,26,40,68,8
2016-11-11,16,40,47,53,59,11
2016-05-17,17,24,27,48,75,6
2016-11-08,46,48,53,61,74,12
2016-05-13,20,21,38,54,66,7
2016-11-04,10,29,32,44,46,10
2016-05-10,12,22,46,56,74,4
2016-11-01,19,24,31,39,45,13
2016-05-06,14,26,27,32,36,7
2016-10-28,7,38,46,57,66,2
2016-05-03,28,29,33,36,45,15
2016-10-25,8,9,24,49,67,13
2016-04-29,5,6,37,55,74,10
2016-10-21,12,43,44,48,66,3
2016-04-26,14,16,17,28,48,2
2016-10-18,7,24,28,65,74,1
2016-04-22,2,19,21,42,60,13
2016-10-14,7,27,60,64,74,5
2016-04-19,9,28,40,57,65,2
2016-10-11,36,39,42,45,48,3
2016-04-15,9,10,34,37,73,9
2016-10-07,24,37,42,50,65,14
2016-04-12,7,11,59,62,63,3
2016-10-04,18,29,30,54,66,1
2016-04-08,31,38,52,65,71,15
2016-09-30,21,30,47,50,57,9
2016-04-05,13,45,52,53,57,10
2016-09-27,14,16,26,53,72,4
2016-04-01,25,28,33,41,69,6
2016-09-23,1,5,8,25,62,14
2016-03-29,33,38,40,46,49,15
2016-09-20,2,22,34,62,72,2
2016-03-25,4,11,12,35,46,12
2016-09-16,13,21,28,34,40,15
2016-03-22,6,19,34,38,70,5
2016-09-13,6,15,17,39,56,15
2016-03-18,5,8,57,59,73,13
2016-09-09,1,34,43,44,63,11
2016-03-15,18,26,30,44,68,7
2016-09-06,25,37,58,69,75,8
2016-03-11,14,18,48,54,71,13
2016-09-02,22,28,41,46,60,3
2016-03-08,27,37,54,66,69,5
2016-08-30,28,32,41,51,71,11
2016-03-04,21,26,33,48,73,14
2016-08-26,10,11,31,41,44,14
2016-03-01,1,29,33,34,55,6
2016-08-23,2,7,46,61,66,1
2016-02-26,3,15,19,62,74,14
2016-08-19,22,37,45,65,73,13
2016-02-23,16,32,39,53,57,10
2016-08-16,2,43,52,62,63,6
2016-02-19,2,27,41,50,75,4
2016-08-12,4,41,44,56,69,10
2016-02-16,9,31,33,46,64,4
2016-08-09,12,19,20,44,66,1
2016-02-12,1,7,44,68,73,1
2016-08-05,5,18,28,54,74,6
2016-02-09,3,42,46,56,71,13
2016-02-05,4,6,23,55,75,2
2015-08-11,3,8,29,57,68,8
2016-02-02,7,13,25,51,70,9
2015-08-07,1,38,53,63,66,10
2016-01-29,20,28,49,51,52,6
2015-08-04,2,19,44,51,57,14
2016-01-26,14,27,39,50,69,2
2015-07-31,28,32,33,40,46,10
2016-01-22,21,25,40,46,56,3
2015-07-28,8,35,61,68,75,15
2016-01-19,2,17,31,39,47,9
2015-07-24,10,12,26,60,62,13
2016-01-15,29,41,53,54,70,12
2015-07-21,20,30,62,65,74,1
2016-01-12,15,27,29,31,48,15
2015-07-17,6,17,30,31,41,15
2016-01-08,11,39,51,57,75,2
2015-07-14,19,24,30,35,72,5
2016-01-05,1,4,36,48,57,13
2015-07-10,24,27,45,51,54,8
2016-01-01,7,18,37,38,39,9
2015-07-07,6,15,16,28,49,14
2015-12-29,20,25,55,62,74,7
2015-07-03,33,50,64,71,72,9
2015-12-25,15,25,29,44,51,4
2015-06-30,11,17,34,43,50,15
2015-12-22,11,21,40,50,70,15
2015-06-26,12,23,33,47,50,3
2015-12-18,6,23,24,28,62,7
2015-06-23,6,13,38,56,70,2
2015-12-15,18,25,47,51,61,5
2015-06-19,4,35,36,52,68,8
2015-12-11,14,20,43,54,69,5
2015-06-16,8,19,26,56,67,14
2015-12-08,7,17,37,49,73,15
2015-06-12,1,40,42,56,62,2
2015-12-04,26,42,47,61,73,6
2015-06-09,6,16,17,25,36,7
2015-12-01,5,7,25,50,59,12
2015-06-05,7,22,27,41,49,10
2015-11-27,16,20,39,56,59,12
2015-06-02,2,9,11,22,23,12
2015-11-24,2,19,30,38,70,8
2015-05-29,20,27,38,49,66,2
2015-11-20,9,12,29,37,67,15
2015-05-26,1,39,52,69,72,12
2015-11-17,12,14,18,24,61,10
2015-05-22,3,14,15,25,48,8
2015-11-13,17,18,31,35,59,9
2015-05-19,10,12,21,29,65,10
2015-11-10,8,17,20,45,71,4
2015-05-15,11,17,21,36,74,15
2015-11-06,10,31,35,50,72,8
2015-05-12,14,30,33,36,44,2
2015-11-03,16,29,44,69,74,12
2015-05-08,9,21,25,66,72,7
2015-10-30,17,41,51,53,56,15
2015-05-05,11,21,42,62,71,7
2015-10-27,9,26,27,29,74,4
2015-05-01,17,18,61,66,74,3
2015-10-23,25,32,37,45,70,1
2015-04-28,22,27,55,58,63,11
2015-10-20,6,25,35,38,52,4
2015-04-24,24,25,29,47,67,4
2015-10-16,2,38,48,61,68,4
2015-04-21,31,33,35,41,69,11
2015-10-13,7,9,24,38,52,1
2015-04-17,15,18,29,41,50,5
2015-10-09,8,9,21,63,75,14
2015-04-14,3,7,25,68,71,3
2015-10-06,17,58,63,64,66,13
2015-04-10,6,11,32,46,68,9
2015-10-02,4,14,29,31,47,9
2015-04-07,5,15,22,26,64,6
2015-09-29,8,21,30,61,62,9
2015-04-03,10,36,47,63,74,2
2015-09-25,3,8,38,51,64,4
2015-03-31,8,26,41,61,73,11
2015-09-22,28,30,38,45,51,8
2015-03-27,17,21,36,58,70,3
2015-09-18,17,34,35,51,65,7
2015-03-24,2,23,32,45,55,12
2015-09-15,7,20,35,49,56,9
2015-03-20,7,50,54,61,75,7
2015-09-11,5,11,31,50,67,14
2015-03-17,11,27,44,45,58,3
2015-09-08,19,20,36,41,46,7
2015-03-13,8,22,30,42,45,3
2015-09-04,17,21,39,52,57,5
2015-03-10,10,14,19,30,73,14
2015-09-01,2,5,35,40,54,13
2015-03-06,30,48,55,68,73,5
2015-08-28,13,35,40,60,68,9
2015-03-03,9,11,42,44,50,3
2015-08-25,5,44,54,59,63,1
2015-02-27,7,49,53,60,64,4
2015-08-21,13,15,21,41,72,1
2015-02-24,15,23,26,45,66,4
2015-08-18,2,7,33,39,53,9
2015-02-20,2,6,8,52,66,13
2015-08-14,12,15,20,52,71,3
2015-02-17,6,45,50,65,66,1
2015-02-13,4,20,44,65,74,14
2014-08-19,22,39,56,67,71,15
2015-02-10,7,42,53,58,71,15
2014-08-15,16,19,28,29,68,9
2015-02-06,5,6,17,33,68,13
2014-08-12,32,53,60,63,68,6
2015-02-03,11,22,25,58,69,13
2014-08-08,9,16,61,70,75,7
2015-01-30,18,31,39,45,55,6
2014-08-05,25,28,36,45,53,6
2015-01-27,5,26,27,44,57,7
2014-08-01,13,29,34,37,72,6
2015-01-23,14,15,32,68,72,8
2014-07-29,2,8,16,43,74,1
2015-01-20,31,35,56,59,63,6
2014-07-25,22,29,33,41,68,12
2015-01-16,26,32,44,45,58,11
2014-07-22,14,18,22,31,47,15
2015-01-13,12,20,25,50,51,7
2014-07-18,5,8,59,65,72,3
2015-01-09,37,49,50,56,57,8
2014-07-15,2,4,17,36,40,5
2015-01-06,12,20,27,38,75,4
2014-07-11,9,13,30,35,69,10
2015-01-02,13,15,35,62,74,12
2014-07-08,14,25,27,48,49,9
2014-12-30,3,7,44,63,67,12
2014-07-04,16,33,39,58,69,2
2014-12-26,2,5,10,20,38,14
2014-07-01,9,22,38,47,49,15
2014-12-23,4,10,31,56,66,7
2014-06-27,15,29,31,46,64,10
2014-12-19,14,18,58,59,68,4
2014-06-24,13,17,24,47,65,10
2014-12-16,41,58,68,72,73,1
2014-06-20,1,22,25,29,56,3
2014-12-12,2,31,46,58,65,7
2014-06-17,10,14,24,47,60,3
2014-12-09,27,45,49,51,52,14
2014-06-13,7,38,46,49,56,1
2014-12-05,4,5,11,51,59,5
2014-06-10,2,10,24,26,74,7
2014-12-02,13,18,22,49,62,11
2014-06-06,12,29,37,49,72,9
2014-11-28,8,26,29,36,47,10
2014-06-03,19,28,62,66,74,6
2014-11-25,10,11,29,47,56,4
2014-05-30,10,13,42,43,62,2
2014-11-21,3,12,35,37,63,15
2014-05-27,1,6,10,46,58,13
2014-11-18,37,39,53,68,75,6
2014-05-23,12,14,21,38,70,15
2014-11-14,3,49,61,62,68,15
2014-05-20,10,40,63,64,69,7
2014-11-11,23,25,28,30,75,11
2014-05-16,13,14,16,50,56,11
2014-11-07,31,35,41,65,66,5
2014-05-13,37,46,48,70,74,1
2014-11-04,9,15,24,39,41,1
2014-05-09,10,28,39,51,59,14
2014-10-31,11,29,36,58,67,15
2014-05-06,18,20,27,48,51,5
2014-10-28,3,50,57,58,60,11
2014-05-02,1,18,26,35,40,13
2014-10-24,2,14,21,28,55,3
2014-04-29,7,43,59,61,66,3
2014-10-21,5,35,37,41,66,11
2014-04-25,3,11,18,20,66,9
2014-10-17,21,31,43,56,60,12
2014-04-22,2,18,19,49,50,1
2014-10-14,11,37,46,64,68,15
2014-04-18,18,25,38,45,63,9
2014-10-10,2,32,35,50,59,3
2014-04-15,4,39,46,47,70,13
2014-10-07,16,29,46,48,55,2
2014-04-11,3,42,44,47,57,8
2014-10-03,3,20,34,58,67,6
2014-04-08,35,36,41,60,71,3
2014-09-30,3,16,52,54,61,6
2014-04-04,1,10,15,41,54,9
2014-09-26,17,26,35,46,62,9
2014-04-01,10,23,68,74,75,9
2014-09-23,21,24,25,40,43,12
2014-03-28,2,3,9,50,73,12
2014-09-19,16,25,27,29,34,2
2014-03-25,19,26,51,57,73,15
2014-09-16,25,45,51,53,73,2
2014-03-21,2,23,30,35,53,10
2014-09-12,18,28,33,36,42,7
2014-03-18,11,19,24,33,51,7
2014-09-09,25,34,55,70,71,1
2014-03-14,7,20,40,54,69,12
2014-09-05,7,12,20,24,59,7
2014-03-11,9,14,56,57,69,10
2014-09-02,1,8,54,69,72,1
2014-03-07,11,13,51,57,69,1
2014-08-29,3,26,45,58,73,12
2014-03-04,10,29,31,35,45,10
2014-08-26,29,31,51,60,64,1
2014-02-28,3,31,50,58,59,6
2014-08-22,5,31,34,41,74,3
2014-02-25,12,18,25,35,66,15
2014-02-21,23,29,32,45,46,15
2013-08-27,4,7,30,36,38,38
2014-02-18,23,29,31,37,70,14
2013-08-23,1,9,17,20,53,14
2014-02-14,20,28,35,71,72,7
2013-08-20,13,28,35,38,41,33
2014-02-11,43,64,67,71,73,4
2013-08-16,7,13,26,36,46,37
2014-02-07,11,21,23,35,64,10
2013-08-13,2,31,32,37,41,40
2014-02-04,25,44,49,60,73,9
2013-08-09,11,20,30,34,38,12
2014-01-31,3,9,13,47,52,8
2013-08-06,1,11,16,51,55,41
2014-01-28,7,16,28,53,60,2
2013-08-02,8,21,23,25,39,4
2014-01-24,22,45,46,47,65,10
2013-07-30,25,27,36,42,44,39
2014-01-21,8,23,33,45,52,4
2013-07-26,4,22,23,27,38,42
2014-01-17,1,10,26,31,51,11
2013-07-23,25,32,35,50,51,46
2014-01-14,4,23,26,62,69,13
2013-07-19,16,20,24,39,42,46
2014-01-10,8,28,36,37,57,8
2013-07-16,10,14,21,40,53,20
2014-01-07,13,34,56,62,64,6
2013-07-12,4,5,25,27,51,10
2014-01-03,22,24,25,40,70,5
2013-07-09,3,21,43,45,48,14
2013-12-31,8,12,34,52,58,8
2013-07-05,2,23,41,47,54,42
2013-12-27,4,15,35,48,49,11
2013-07-02,36,42,51,52,53,40
2013-12-24,23,34,53,58,73,2
2013-06-28,8,15,35,46,52,38
2013-12-20,3,4,31,49,57,6
2013-06-25,3,5,28,33,51,16
2013-12-17,8,14,17,20,39,7
2013-06-21,3,14,17,40,50,3
2013-12-13,19,24,26,27,70,12
2013-06-18,6,17,34,40,48,30
2013-12-10,5,12,22,41,65,13
2013-06-14,2,5,31,33,34,20
2013-12-06,11,29,44,63,64,3
2013-06-11,15,40,45,50,53,28
2013-12-03,7,12,41,44,59,3
2013-06-07,1,10,37,48,55,21
2013-11-29,9,41,43,47,57,5
2013-06-04,10,11,12,20,55,19
2013-11-26,27,44,59,74,75,3
2013-05-31,2,20,26,44,46,26
2013-11-22,17,23,35,36,44,8
2013-05-28,4,12,25,32,54,36
2013-11-19,14,15,29,49,63,2
2013-05-24,4,5,16,18,53,28
2013-11-15,25,44,49,54,63,8
2013-05-21,2,15,17,48,55,11
2013-11-12,20,30,32,42,71,15
2013-05-17,11,15,35,43,49,41
2013-11-08,41,42,51,57,65,7
2013-11-05,2,11,42,64,74,2
2013-11-01,32,35,49,62,67,1
2013-10-29,20,33,50,53,54,7
2013-10-25,6,16,45,54,60,15
2013-10-22,2,3,19,52,71,14
2013-10-18,5,20,45,48,56,1
2013-10-15,4,23,30,43,50,11
2013-10-11,3,27,37,45,48,46
2013-10-08,6,15,19,23,40,5
2013-10-04,4,16,24,25,44,5
2013-10-01,7,10,30,37,53,1
2013-09-27,9,23,27,49,51,38
2013-09-24,4,11,32,39,40,33
2013-09-20,1,15,20,21,47,34
2013-09-17,6,15,27,31,39,25
2013-09-13,9,22,28,48,54,8
2013-09-10,2,12,18,54,56,1
2013-09-06,2,16,17,22,41,31
2013-09-03,4,13,14,28,41,28
2013-08-30,6,19,24,43,44,33
