date,ball_1,IDs,year,month,day,2_rfrnce,ball_1_rfrnce_2
2013-05-17,11.0,1.0,2013.0,5.0,17.0,2.0,1.0
2013-05-21,2.0,2.0,2013.0,5.0,21.0,2.0,0.0
2013-05-24,4.0,3.0,2013.0,5.0,24.0,2.0,1.0
2013-05-28,4.0,4.0,2013.0,5.0,28.0,2.0,1.0
2013-05-31,2.0,5.0,2013.0,5.0,31.0,2.0,0.0
2013-06-04,10.0,6.0,2013.0,6.0,4.0,2.0,1.0
2013-06-07,1.0,7.0,2013.0,6.0,7.0,2.0,0.0
2013-06-11,15.0,8.0,2013.0,6.0,11.0,2.0,1.0
2013-06-14,2.0,9.0,2013.0,6.0,14.0,2.0,0.0
2013-06-18,6.0,10.0,2013.0,6.0,18.0,2.0,1.0
2013-06-21,3.0,11.0,2013.0,6.0,21.0,2.0,1.0
2013-06-25,3.0,12.0,2013.0,6.0,25.0,2.0,1.0
2013-06-28,8.0,13.0,2013.0,6.0,28.0,2.0,1.0
2013-07-02,36.0,14.0,2013.0,7.0,2.0,2.0,1.0
2013-07-05,2.0,15.0,2013.0,7.0,5.0,2.0,0.0
2013-07-09,3.0,16.0,2013.0,7.0,9.0,2.0,1.0
2013-07-12,4.0,17.0,2013.0,7.0,12.0,2.0,1.0
2013-07-16,10.0,18.0,2013.0,7.0,16.0,2.0,1.0
2013-07-19,16.0,19.0,2013.0,7.0,19.0,2.0,1.0
2013-07-23,25.0,20.0,2013.0,7.0,23.0,2.0,1.0
2013-07-26,4.0,21.0,2013.0,7.0,26.0,2.0,1.0
2013-07-30,25.0,22.0,2013.0,7.0,30.0,2.0,1.0
2013-08-02,8.0,23.0,2013.0,8.0,2.0,2.0,1.0
2013-08-06,1.0,24.0,2013.0,8.0,6.0,2.0,0.0
2013-08-09,11.0,25.0,2013.0,8.0,9.0,2.0,1.0
2013-08-13,2.0,26.0,2013.0,8.0,13.0,2.0,0.0
2013-08-16,7.0,27.0,2013.0,8.0,16.0,2.0,1.0
2013-08-20,13.0,28.0,2013.0,8.0,20.0,2.0,1.0
2013-08-23,1.0,29.0,2013.0,8.0,23.0,2.0,0.0
2013-08-27,4.0,30.0,2013.0,8.0,27.0,2.0,1.0
2013-08-30,6.0,31.0,2013.0,8.0,30.0,2.0,1.0
2013-09-03,4.0,32.0,2013.0,9.0,3.0,2.0,1.0
2013-09-06,2.0,33.0,2013.0,9.0,6.0,2.0,0.0
2013-09-10,2.0,34.0,2013.0,9.0,10.0,2.0,0.0
2013-09-13,9.0,35.0,2013.0,9.0,13.0,2.0,1.0
2013-09-17,6.0,36.0,2013.0,9.0,17.0,2.0,1.0
2013-09-20,1.0,37.0,2013.0,9.0,20.0,2.0,0.0
2013-09-24,4.0,38.0,2013.0,9.0,24.0,2.0,1.0
2013-09-27,9.0,39.0,2013.0,9.0,27.0,2.0,1.0
2013-10-01,7.0,40.0,2013.0,10.0,1.0,2.0,1.0
2013-10-04,4.0,41.0,2013.0,10.0,4.0,2.0,1.0
2013-10-08,6.0,42.0,2013.0,10.0,8.0,2.0,1.0
2013-10-11,3.0,43.0,2013.0,10.0,11.0,2.0,1.0
2013-10-15,4.0,44.0,2013.0,10.0,15.0,2.0,1.0
2013-10-18,5.0,45.0,2013.0,10.0,18.0,2.0,1.0
2013-10-22,2.0,46.0,2013.0,10.0,22.0,2.0,0.0
2013-10-25,6.0,47.0,2013.0,10.0,25.0,2.0,1.0
2013-10-29,20.0,48.0,2013.0,10.0,29.0,2.0,1.0
2013-11-01,32.0,49.0,2013.0,11.0,1.0,2.0,1.0
2013-11-05,2.0,50.0,2013.0,11.0,5.0,2.0,0.0
2013-11-08,41.0,51.0,2013.0,11.0,8.0,2.0,1.0
2013-11-12,20.0,52.0,2013.0,11.0,12.0,2.0,1.0
2013-11-15,25.0,53.0,2013.0,11.0,15.0,2.0,1.0
2013-11-19,14.0,54.0,2013.0,11.0,19.0,2.0,1.0
2013-11-22,17.0,55.0,2013.0,11.0,22.0,2.0,1.0
2013-11-26,27.0,56.0,2013.0,11.0,26.0,2.0,1.0
2013-11-29,9.0,57.0,2013.0,11.0,29.0,2.0,1.0
2013-12-03,7.0,58.0,2013.0,12.0,3.0,2.0,1.0
2013-12-06,11.0,59.0,2013.0,12.0,6.0,2.0,1.0
2013-12-10,5.0,60.0,2013.0,12.0,10.0,2.0,1.0
2013-12-13,19.0,61.0,2013.0,12.0,13.0,2.0,1.0
2013-12-17,8.0,62.0,2013.0,12.0,17.0,2.0,1.0
2013-12-20,3.0,63.0,2013.0,12.0,20.0,2.0,1.0
2013-12-24,23.0,64.0,2013.0,12.0,24.0,2.0,1.0
2013-12-27,4.0,65.0,2013.0,12.0,27.0,2.0,1.0
2013-12-31,8.0,66.0,2013.0,12.0,31.0,2.0,1.0
2014-01-03,22.0,67.0,2014.0,1.0,3.0,2.0,1.0
2014-01-07,13.0,68.0,2014.0,1.0,7.0,2.0,1.0
2014-01-10,8.0,69.0,2014.0,1.0,10.0,2.0,1.0
2014-01-14,4.0,70.0,2014.0,1.0,14.0,2.0,1.0
2014-01-17,1.0,71.0,2014.0,1.0,17.0,2.0,0.0
2014-01-21,8.0,72.0,2014.0,1.0,21.0,2.0,1.0
2014-01-24,22.0,73.0,2014.0,1.0,24.0,2.0,1.0
2014-01-28,7.0,74.0,2014.0,1.0,28.0,2.0,1.0
2014-01-31,3.0,75.0,2014.0,1.0,31.0,2.0,1.0
2014-02-04,25.0,76.0,2014.0,2.0,4.0,2.0,1.0
2014-02-07,11.0,77.0,2014.0,2.0,7.0,2.0,1.0
2014-02-11,43.0,78.0,2014.0,2.0,11.0,2.0,1.0
2014-02-14,20.0,79.0,2014.0,2.0,14.0,2.0,1.0
2014-02-18,23.0,80.0,2014.0,2.0,18.0,2.0,1.0
2014-02-21,23.0,81.0,2014.0,2.0,21.0,2.0,1.0
2014-02-25,12.0,82.0,2014.0,2.0,25.0,2.0,1.0
2014-02-28,3.0,83.0,2014.0,2.0,28.0,2.0,1.0
2014-03-04,10.0,84.0,2014.0,3.0,4.0,2.0,1.0
2014-03-07,11.0,85.0,2014.0,3.0,7.0,2.0,1.0
2014-03-11,9.0,86.0,2014.0,3.0,11.0,2.0,1.0
2014-03-14,7.0,87.0,2014.0,3.0,14.0,2.0,1.0
2014-03-18,11.0,88.0,2014.0,3.0,18.0,2.0,1.0
2014-03-21,2.0,89.0,2014.0,3.0,21.0,2.0,0.0
2014-03-25,19.0,90.0,2014.0,3.0,25.0,2.0,1.0
2014-03-28,2.0,91.0,2014.0,3.0,28.0,2.0,0.0
2014-04-01,10.0,92.0,2014.0,4.0,1.0,2.0,1.0
2014-04-04,1.0,93.0,2014.0,4.0,4.0,2.0,0.0
2014-04-08,35.0,94.0,2014.0,4.0,8.0,2.0,1.0
2014-04-11,3.0,95.0,2014.0,4.0,11.0,2.0,1.0
2014-04-15,4.0,96.0,2014.0,4.0,15.0,2.0,1.0
2014-04-18,18.0,97.0,2014.0,4.0,18.0,2.0,1.0
2014-04-22,2.0,98.0,2014.0,4.0,22.0,2.0,0.0
2014-04-25,3.0,99.0,2014.0,4.0,25.0,2.0,1.0
2014-04-29,7.0,100.0,2014.0,4.0,29.0,2.0,1.0
2014-05-02,1.0,101.0,2014.0,5.0,2.0,2.0,0.0
2014-05-06,18.0,102.0,2014.0,5.0,6.0,2.0,1.0
2014-05-09,10.0,103.0,2014.0,5.0,9.0,2.0,1.0
2014-05-13,37.0,104.0,2014.0,5.0,13.0,2.0,1.0
2014-05-16,13.0,105.0,2014.0,5.0,16.0,2.0,1.0
2014-05-20,10.0,106.0,2014.0,5.0,20.0,2.0,1.0
2014-05-23,12.0,107.0,2014.0,5.0,23.0,2.0,1.0
2014-05-27,1.0,108.0,2014.0,5.0,27.0,2.0,0.0
2014-05-30,10.0,109.0,2014.0,5.0,30.0,2.0,1.0
2014-06-03,19.0,110.0,2014.0,6.0,3.0,2.0,1.0
2014-06-06,12.0,111.0,2014.0,6.0,6.0,2.0,1.0
2014-06-10,2.0,112.0,2014.0,6.0,10.0,2.0,0.0
2014-06-13,7.0,113.0,2014.0,6.0,13.0,2.0,1.0
2014-06-17,10.0,114.0,2014.0,6.0,17.0,2.0,1.0
2014-06-20,1.0,115.0,2014.0,6.0,20.0,2.0,0.0
2014-06-24,13.0,116.0,2014.0,6.0,24.0,2.0,1.0
2014-06-27,15.0,117.0,2014.0,6.0,27.0,2.0,1.0
2014-07-01,9.0,118.0,2014.0,7.0,1.0,2.0,1.0
2014-07-04,16.0,119.0,2014.0,7.0,4.0,2.0,1.0
2014-07-08,14.0,120.0,2014.0,7.0,8.0,2.0,1.0
2014-07-11,9.0,121.0,2014.0,7.0,11.0,2.0,1.0
2014-07-15,2.0,122.0,2014.0,7.0,15.0,2.0,0.0
2014-07-18,5.0,123.0,2014.0,7.0,18.0,2.0,1.0
2014-07-22,14.0,124.0,2014.0,7.0,22.0,2.0,1.0
2014-07-25,22.0,125.0,2014.0,7.0,25.0,2.0,1.0
2014-07-29,2.0,126.0,2014.0,7.0,29.0,2.0,0.0
2014-08-01,13.0,127.0,2014.0,8.0,1.0,2.0,1.0
2014-08-05,25.0,128.0,2014.0,8.0,5.0,2.0,1.0
2014-08-08,9.0,129.0,2014.0,8.0,8.0,2.0,1.0
2014-08-12,32.0,130.0,2014.0,8.0,12.0,2.0,1.0
2014-08-15,16.0,131.0,2014.0,8.0,15.0,2.0,1.0
2014-08-19,22.0,132.0,2014.0,8.0,19.0,2.0,1.0
2014-08-22,5.0,133.0,2014.0,8.0,22.0,2.0,1.0
2014-08-26,29.0,134.0,2014.0,8.0,26.0,2.0,1.0
2014-08-29,3.0,135.0,2014.0,8.0,29.0,2.0,1.0
2014-09-02,1.0,136.0,2014.0,9.0,2.0,2.0,0.0
2014-09-05,7.0,137.0,2014.0,9.0,5.0,2.0,1.0
2014-09-09,25.0,138.0,2014.0,9.0,9.0,2.0,1.0
2014-09-12,18.0,139.0,2014.0,9.0,12.0,2.0,1.0
2014-09-16,25.0,140.0,2014.0,9.0,16.0,2.0,1.0
2014-09-19,16.0,141.0,2014.0,9.0,19.0,2.0,1.0
2014-09-23,21.0,142.0,2014.0,9.0,23.0,2.0,1.0
2014-09-26,17.0,143.0,2014.0,9.0,26.0,2.0,1.0
2014-09-30,3.0,144.0,2014.0,9.0,30.0,2.0,1.0
2014-10-03,3.0,145.0,2014.0,10.0,3.0,2.0,1.0
2014-10-07,16.0,146.0,2014.0,10.0,7.0,2.0,1.0
2014-10-10,2.0,147.0,2014.0,10.0,10.0,2.0,0.0
2014-10-14,11.0,148.0,2014.0,10.0,14.0,2.0,1.0
2014-10-17,21.0,149.0,2014.0,10.0,17.0,2.0,1.0
2014-10-21,5.0,150.0,2014.0,10.0,21.0,2.0,1.0
2014-10-24,2.0,151.0,2014.0,10.0,24.0,2.0,0.0
2014-10-28,3.0,152.0,2014.0,10.0,28.0,2.0,1.0
2014-10-31,11.0,153.0,2014.0,10.0,31.0,2.0,1.0
2014-11-04,9.0,154.0,2014.0,11.0,4.0,2.0,1.0
2014-11-07,31.0,155.0,2014.0,11.0,7.0,2.0,1.0
2014-11-11,23.0,156.0,2014.0,11.0,11.0,2.0,1.0
2014-11-14,3.0,157.0,2014.0,11.0,14.0,2.0,1.0
2014-11-18,37.0,158.0,2014.0,11.0,18.0,2.0,1.0
2014-11-21,3.0,159.0,2014.0,11.0,21.0,2.0,1.0
2014-11-25,10.0,160.0,2014.0,11.0,25.0,2.0,1.0
2014-11-28,8.0,161.0,2014.0,11.0,28.0,2.0,1.0
2014-12-02,13.0,162.0,2014.0,12.0,2.0,2.0,1.0
2014-12-05,4.0,163.0,2014.0,12.0,5.0,2.0,1.0
2014-12-09,27.0,164.0,2014.0,12.0,9.0,2.0,1.0
2014-12-12,2.0,165.0,2014.0,12.0,12.0,2.0,0.0
2014-12-16,41.0,166.0,2014.0,12.0,16.0,2.0,1.0
2014-12-19,14.0,167.0,2014.0,12.0,19.0,2.0,1.0
2014-12-23,4.0,168.0,2014.0,12.0,23.0,2.0,1.0
2014-12-26,2.0,169.0,2014.0,12.0,26.0,2.0,0.0
2014-12-30,3.0,170.0,2014.0,12.0,30.0,2.0,1.0
2015-01-02,13.0,171.0,2015.0,1.0,2.0,2.0,1.0
2015-01-06,12.0,172.0,2015.0,1.0,6.0,2.0,1.0
2015-01-09,37.0,173.0,2015.0,1.0,9.0,2.0,1.0
2015-01-13,12.0,174.0,2015.0,1.0,13.0,2.0,1.0
2015-01-16,26.0,175.0,2015.0,1.0,16.0,2.0,1.0
2015-01-20,31.0,176.0,2015.0,1.0,20.0,2.0,1.0
2015-01-23,14.0,177.0,2015.0,1.0,23.0,2.0,1.0
2015-01-27,5.0,178.0,2015.0,1.0,27.0,2.0,1.0
2015-01-30,18.0,179.0,2015.0,1.0,30.0,2.0,1.0
2015-02-03,11.0,180.0,2015.0,2.0,3.0,2.0,1.0
2015-02-06,5.0,181.0,2015.0,2.0,6.0,2.0,1.0
2015-02-10,7.0,182.0,2015.0,2.0,10.0,2.0,1.0
2015-02-13,4.0,183.0,2015.0,2.0,13.0,2.0,1.0
2015-02-17,6.0,184.0,2015.0,2.0,17.0,2.0,1.0
2015-02-20,2.0,185.0,2015.0,2.0,20.0,2.0,0.0
2015-02-24,15.0,186.0,2015.0,2.0,24.0,2.0,1.0
2015-02-27,7.0,187.0,2015.0,2.0,27.0,2.0,1.0
2015-03-03,9.0,188.0,2015.0,3.0,3.0,2.0,1.0
2015-03-06,30.0,189.0,2015.0,3.0,6.0,2.0,1.0
2015-03-10,10.0,190.0,2015.0,3.0,10.0,2.0,1.0
2015-03-13,8.0,191.0,2015.0,3.0,13.0,2.0,1.0
2015-03-17,11.0,192.0,2015.0,3.0,17.0,2.0,1.0
2015-03-20,7.0,193.0,2015.0,3.0,20.0,2.0,1.0
2015-03-24,2.0,194.0,2015.0,3.0,24.0,2.0,0.0
2015-03-27,17.0,195.0,2015.0,3.0,27.0,2.0,1.0
2015-03-31,8.0,196.0,2015.0,3.0,31.0,2.0,1.0
2015-04-03,10.0,197.0,2015.0,4.0,3.0,2.0,1.0
2015-04-07,5.0,198.0,2015.0,4.0,7.0,2.0,1.0
2015-04-10,6.0,199.0,2015.0,4.0,10.0,2.0,1.0
2015-04-14,3.0,200.0,2015.0,4.0,14.0,2.0,1.0
2015-04-17,15.0,201.0,2015.0,4.0,17.0,2.0,1.0
2015-04-21,31.0,202.0,2015.0,4.0,21.0,2.0,1.0
2015-04-24,24.0,203.0,2015.0,4.0,24.0,2.0,1.0
2015-04-28,22.0,204.0,2015.0,4.0,28.0,2.0,1.0
2015-05-01,17.0,205.0,2015.0,5.0,1.0,2.0,1.0
2015-05-05,11.0,206.0,2015.0,5.0,5.0,2.0,1.0
2015-05-08,9.0,207.0,2015.0,5.0,8.0,2.0,1.0
2015-05-12,14.0,208.0,2015.0,5.0,12.0,2.0,1.0
2015-05-15,11.0,209.0,2015.0,5.0,15.0,2.0,1.0
2015-05-19,10.0,210.0,2015.0,5.0,19.0,2.0,1.0
2015-05-22,3.0,211.0,2015.0,5.0,22.0,2.0,1.0
2015-05-26,1.0,212.0,2015.0,5.0,26.0,2.0,0.0
2015-05-29,20.0,213.0,2015.0,5.0,29.0,2.0,1.0
2015-06-02,2.0,214.0,2015.0,6.0,2.0,2.0,0.0
2015-06-05,7.0,215.0,2015.0,6.0,5.0,2.0,1.0
2015-06-09,6.0,216.0,2015.0,6.0,9.0,2.0,1.0
2015-06-12,1.0,217.0,2015.0,6.0,12.0,2.0,0.0
2015-06-16,8.0,218.0,2015.0,6.0,16.0,2.0,1.0
2015-06-19,4.0,219.0,2015.0,6.0,19.0,2.0,1.0
2015-06-23,6.0,220.0,2015.0,6.0,23.0,2.0,1.0
2015-06-26,12.0,221.0,2015.0,6.0,26.0,2.0,1.0
2015-06-30,11.0,222.0,2015.0,6.0,30.0,2.0,1.0
2015-07-03,33.0,223.0,2015.0,7.0,3.0,2.0,1.0
2015-07-07,6.0,224.0,2015.0,7.0,7.0,2.0,1.0
2015-07-10,24.0,225.0,2015.0,7.0,10.0,2.0,1.0
2015-07-14,19.0,226.0,2015.0,7.0,14.0,2.0,1.0
2015-07-17,6.0,227.0,2015.0,7.0,17.0,2.0,1.0
2015-07-21,20.0,228.0,2015.0,7.0,21.0,2.0,1.0
2015-07-24,10.0,229.0,2015.0,7.0,24.0,2.0,1.0
2015-07-28,8.0,230.0,2015.0,7.0,28.0,2.0,1.0
2015-07-31,28.0,231.0,2015.0,7.0,31.0,2.0,1.0
2015-08-04,2.0,232.0,2015.0,8.0,4.0,2.0,0.0
2015-08-07,1.0,233.0,2015.0,8.0,7.0,2.0,0.0
2015-08-11,3.0,234.0,2015.0,8.0,11.0,2.0,1.0
2015-08-14,12.0,235.0,2015.0,8.0,14.0,2.0,1.0
2015-08-18,2.0,236.0,2015.0,8.0,18.0,2.0,0.0
2015-08-21,13.0,237.0,2015.0,8.0,21.0,2.0,1.0
2015-08-25,5.0,238.0,2015.0,8.0,25.0,2.0,1.0
2015-08-28,13.0,239.0,2015.0,8.0,28.0,2.0,1.0
2015-09-01,2.0,240.0,2015.0,9.0,1.0,2.0,0.0
2015-09-04,17.0,241.0,2015.0,9.0,4.0,2.0,1.0
2015-09-08,19.0,242.0,2015.0,9.0,8.0,2.0,1.0
2015-09-11,5.0,243.0,2015.0,9.0,11.0,2.0,1.0
2015-09-15,7.0,244.0,2015.0,9.0,15.0,2.0,1.0
2015-09-18,17.0,245.0,2015.0,9.0,18.0,2.0,1.0
2015-09-22,28.0,246.0,2015.0,9.0,22.0,2.0,1.0
2015-09-25,3.0,247.0,2015.0,9.0,25.0,2.0,1.0
2015-09-29,8.0,248.0,2015.0,9.0,29.0,2.0,1.0
2015-10-02,4.0,249.0,2015.0,10.0,2.0,2.0,1.0
2015-10-06,17.0,250.0,2015.0,10.0,6.0,2.0,1.0
2015-10-09,8.0,251.0,2015.0,10.0,9.0,2.0,1.0
2015-10-13,7.0,252.0,2015.0,10.0,13.0,2.0,1.0
2015-10-16,2.0,253.0,2015.0,10.0,16.0,2.0,0.0
2015-10-20,6.0,254.0,2015.0,10.0,20.0,2.0,1.0
2015-10-23,25.0,255.0,2015.0,10.0,23.0,2.0,1.0
2015-10-27,9.0,256.0,2015.0,10.0,27.0,2.0,1.0
2015-10-30,17.0,257.0,2015.0,10.0,30.0,2.0,1.0
2015-11-03,16.0,258.0,2015.0,11.0,3.0,2.0,1.0
2015-11-06,10.0,259.0,2015.0,11.0,6.0,2.0,1.0
2015-11-10,8.0,260.0,2015.0,11.0,10.0,2.0,1.0
2015-11-13,17.0,261.0,2015.0,11.0,13.0,2.0,1.0
2015-11-17,12.0,262.0,2015.0,11.0,17.0,2.0,1.0
2015-11-20,9.0,263.0,2015.0,11.0,20.0,2.0,1.0
2015-11-24,2.0,264.0,2015.0,11.0,24.0,2.0,0.0
2015-11-27,16.0,265.0,2015.0,11.0,27.0,2.0,1.0
2015-12-01,5.0,266.0,2015.0,12.0,1.0,2.0,1.0
2015-12-04,26.0,267.0,2015.0,12.0,4.0,2.0,1.0
2015-12-08,7.0,268.0,2015.0,12.0,8.0,2.0,1.0
2015-12-11,14.0,269.0,2015.0,12.0,11.0,2.0,1.0
2015-12-15,18.0,270.0,2015.0,12.0,15.0,2.0,1.0
2015-12-18,6.0,271.0,2015.0,12.0,18.0,2.0,1.0
2015-12-22,11.0,272.0,2015.0,12.0,22.0,2.0,1.0
2015-12-25,15.0,273.0,2015.0,12.0,25.0,2.0,1.0
2015-12-29,20.0,274.0,2015.0,12.0,29.0,2.0,1.0
2016-01-01,7.0,275.0,2016.0,1.0,1.0,2.0,1.0
2016-01-05,1.0,276.0,2016.0,1.0,5.0,2.0,0.0
2016-01-08,11.0,277.0,2016.0,1.0,8.0,2.0,1.0
2016-01-12,15.0,278.0,2016.0,1.0,12.0,2.0,1.0
2016-01-15,29.0,279.0,2016.0,1.0,15.0,2.0,1.0
2016-01-19,2.0,280.0,2016.0,1.0,19.0,2.0,0.0
2016-01-22,21.0,281.0,2016.0,1.0,22.0,2.0,1.0
2016-01-26,14.0,282.0,2016.0,1.0,26.0,2.0,1.0
2016-01-29,20.0,283.0,2016.0,1.0,29.0,2.0,1.0
2016-02-02,7.0,284.0,2016.0,2.0,2.0,2.0,1.0
2016-02-05,4.0,285.0,2016.0,2.0,5.0,2.0,1.0
2016-02-09,3.0,286.0,2016.0,2.0,9.0,2.0,1.0
2016-02-12,1.0,287.0,2016.0,2.0,12.0,2.0,0.0
2016-02-16,9.0,288.0,2016.0,2.0,16.0,2.0,1.0
2016-02-19,2.0,289.0,2016.0,2.0,19.0,2.0,0.0
2016-02-23,16.0,290.0,2016.0,2.0,23.0,2.0,1.0
2016-02-26,3.0,291.0,2016.0,2.0,26.0,2.0,1.0
2016-03-01,1.0,292.0,2016.0,3.0,1.0,2.0,0.0
2016-03-04,21.0,293.0,2016.0,3.0,4.0,2.0,1.0
2016-03-08,27.0,294.0,2016.0,3.0,8.0,2.0,1.0
2016-03-11,14.0,295.0,2016.0,3.0,11.0,2.0,1.0
2016-03-15,18.0,296.0,2016.0,3.0,15.0,2.0,1.0
2016-03-18,5.0,297.0,2016.0,3.0,18.0,2.0,1.0
2016-03-22,6.0,298.0,2016.0,3.0,22.0,2.0,1.0
2016-03-25,4.0,299.0,2016.0,3.0,25.0,2.0,1.0
2016-03-29,33.0,300.0,2016.0,3.0,29.0,2.0,1.0
2016-04-01,25.0,301.0,2016.0,4.0,1.0,2.0,1.0
2016-04-05,13.0,302.0,2016.0,4.0,5.0,2.0,1.0
2016-04-08,31.0,303.0,2016.0,4.0,8.0,2.0,1.0
2016-04-12,7.0,304.0,2016.0,4.0,12.0,2.0,1.0
2016-04-15,9.0,305.0,2016.0,4.0,15.0,2.0,1.0
2016-04-19,9.0,306.0,2016.0,4.0,19.0,2.0,1.0
2016-04-22,2.0,307.0,2016.0,4.0,22.0,2.0,0.0
2016-04-26,14.0,308.0,2016.0,4.0,26.0,2.0,1.0
2016-04-29,5.0,309.0,2016.0,4.0,29.0,2.0,1.0
2016-05-03,28.0,310.0,2016.0,5.0,3.0,2.0,1.0
2016-05-06,14.0,311.0,2016.0,5.0,6.0,2.0,1.0
2016-05-10,12.0,312.0,2016.0,5.0,10.0,2.0,1.0
2016-05-13,20.0,313.0,2016.0,5.0,13.0,2.0,1.0
2016-05-17,17.0,314.0,2016.0,5.0,17.0,2.0,1.0
2016-05-20,19.0,315.0,2016.0,5.0,20.0,2.0,1.0
2016-05-24,11.0,316.0,2016.0,5.0,24.0,2.0,1.0
2016-05-27,18.0,317.0,2016.0,5.0,27.0,2.0,1.0
2016-05-31,9.0,318.0,2016.0,5.0,31.0,2.0,1.0
2016-06-03,32.0,319.0,2016.0,6.0,3.0,2.0,1.0
2016-06-07,25.0,320.0,2016.0,6.0,7.0,2.0,1.0
2016-06-10,34.0,321.0,2016.0,6.0,10.0,2.0,1.0
2016-06-14,36.0,322.0,2016.0,6.0,14.0,2.0,1.0
2016-06-17,20.0,323.0,2016.0,6.0,17.0,2.0,1.0
2016-06-21,6.0,324.0,2016.0,6.0,21.0,2.0,1.0
2016-06-24,11.0,325.0,2016.0,6.0,24.0,2.0,1.0
2016-06-28,15.0,326.0,2016.0,6.0,28.0,2.0,1.0
2016-07-01,20.0,327.0,2016.0,7.0,1.0,2.0,1.0
2016-07-05,29.0,328.0,2016.0,7.0,5.0,2.0,1.0
2016-07-08,8.0,329.0,2016.0,7.0,8.0,2.0,1.0
2016-07-12,6.0,330.0,2016.0,7.0,12.0,2.0,1.0
2016-07-15,16.0,331.0,2016.0,7.0,15.0,2.0,1.0
2016-07-19,3.0,332.0,2016.0,7.0,19.0,2.0,1.0
2016-07-22,8.0,333.0,2016.0,7.0,22.0,2.0,1.0
2016-07-26,1.0,334.0,2016.0,7.0,26.0,2.0,0.0
2016-07-29,11.0,335.0,2016.0,7.0,29.0,2.0,1.0
2016-08-02,3.0,336.0,2016.0,8.0,2.0,2.0,1.0
2016-08-05,5.0,337.0,2016.0,8.0,5.0,2.0,1.0
2016-08-09,12.0,338.0,2016.0,8.0,9.0,2.0,1.0
2016-08-12,4.0,339.0,2016.0,8.0,12.0,2.0,1.0
2016-08-16,2.0,340.0,2016.0,8.0,16.0,2.0,0.0
2016-08-19,22.0,341.0,2016.0,8.0,19.0,2.0,1.0
2016-08-23,2.0,342.0,2016.0,8.0,23.0,2.0,0.0
2016-08-26,10.0,343.0,2016.0,8.0,26.0,2.0,1.0
2016-08-30,28.0,344.0,2016.0,8.0,30.0,2.0,1.0
2016-09-02,22.0,345.0,2016.0,9.0,2.0,2.0,1.0
2016-09-06,25.0,346.0,2016.0,9.0,6.0,2.0,1.0
2016-09-09,1.0,347.0,2016.0,9.0,9.0,2.0,0.0
2016-09-13,6.0,348.0,2016.0,9.0,13.0,2.0,1.0
2016-09-16,13.0,349.0,2016.0,9.0,16.0,2.0,1.0
2016-09-20,2.0,350.0,2016.0,9.0,20.0,2.0,0.0
2016-09-23,1.0,351.0,2016.0,9.0,23.0,2.0,0.0
2016-09-27,14.0,352.0,2016.0,9.0,27.0,2.0,1.0
2016-09-30,21.0,353.0,2016.0,9.0,30.0,2.0,1.0
2016-10-04,18.0,354.0,2016.0,10.0,4.0,2.0,1.0
2016-10-07,24.0,355.0,2016.0,10.0,7.0,2.0,1.0
2016-10-11,36.0,356.0,2016.0,10.0,11.0,2.0,1.0
2016-10-14,7.0,357.0,2016.0,10.0,14.0,2.0,1.0
2016-10-18,7.0,358.0,2016.0,10.0,18.0,2.0,1.0
2016-10-21,12.0,359.0,2016.0,10.0,21.0,2.0,1.0
2016-10-25,8.0,360.0,2016.0,10.0,25.0,2.0,1.0
2016-10-28,7.0,361.0,2016.0,10.0,28.0,2.0,1.0
2016-11-01,19.0,362.0,2016.0,11.0,1.0,2.0,1.0
2016-11-04,10.0,363.0,2016.0,11.0,4.0,2.0,1.0
2016-11-08,46.0,364.0,2016.0,11.0,8.0,2.0,1.0
2016-11-11,16.0,365.0,2016.0,11.0,11.0,2.0,1.0
2016-11-15,9.0,366.0,2016.0,11.0,15.0,2.0,1.0
2016-11-18,31.0,367.0,2016.0,11.0,18.0,2.0,1.0
2016-11-22,1.0,368.0,2016.0,11.0,22.0,2.0,0.0
2016-11-25,44.0,369.0,2016.0,11.0,25.0,2.0,1.0
2016-11-29,22.0,370.0,2016.0,11.0,29.0,2.0,1.0
2016-12-02,3.0,371.0,2016.0,12.0,2.0,2.0,1.0
2016-12-06,13.0,372.0,2016.0,12.0,6.0,2.0,1.0
2016-12-09,19.0,373.0,2016.0,12.0,9.0,2.0,1.0
2016-12-13,2.0,374.0,2016.0,12.0,13.0,2.0,0.0
2016-12-16,1.0,375.0,2016.0,12.0,16.0,2.0,0.0
2016-12-20,1.0,376.0,2016.0,12.0,20.0,2.0,0.0
2016-12-23,21.0,377.0,2016.0,12.0,23.0,2.0,1.0
2016-12-27,2.0,378.0,2016.0,12.0,27.0,2.0,0.0
2016-12-30,6.0,379.0,2016.0,12.0,30.0,2.0,1.0
2017-01-03,14.0,380.0,2017.0,1.0,3.0,2.0,1.0
2017-01-06,6.0,381.0,2017.0,1.0,6.0,2.0,1.0
2017-01-10,11.0,382.0,2017.0,1.0,10.0,2.0,1.0
2017-01-13,10.0,383.0,2017.0,1.0,13.0,2.0,1.0
2017-01-17,20.0,384.0,2017.0,1.0,17.0,2.0,1.0
2017-01-20,7.0,385.0,2017.0,1.0,20.0,2.0,1.0
2017-01-24,8.0,386.0,2017.0,1.0,24.0,2.0,1.0
2017-01-27,17.0,387.0,2017.0,1.0,27.0,2.0,1.0
2017-01-31,3.0,388.0,2017.0,1.0,31.0,2.0,1.0
2017-02-03,3.0,389.0,2017.0,2.0,3.0,2.0,1.0
2017-02-07,23.0,390.0,2017.0,2.0,7.0,2.0,1.0
2017-02-10,32.0,391.0,2017.0,2.0,10.0,2.0,1.0
2017-02-14,7.0,392.0,2017.0,2.0,14.0,2.0,1.0
2017-02-17,4.0,393.0,2017.0,2.0,17.0,2.0,1.0
2017-02-21,9.0,394.0,2017.0,2.0,21.0,2.0,1.0
2017-02-24,12.0,395.0,2017.0,2.0,24.0,2.0,1.0
2017-02-28,20.0,396.0,2017.0,2.0,28.0,2.0,1.0
2017-03-03,14.0,397.0,2017.0,3.0,3.0,2.0,1.0
2017-03-07,3.0,398.0,2017.0,3.0,7.0,2.0,1.0
2017-03-10,26.0,399.0,2017.0,3.0,10.0,2.0,1.0
2017-03-14,16.0,400.0,2017.0,3.0,14.0,2.0,1.0
2017-03-17,11.0,401.0,2017.0,3.0,17.0,2.0,1.0
2017-03-21,4.0,402.0,2017.0,3.0,21.0,2.0,1.0
2017-03-24,5.0,403.0,2017.0,3.0,24.0,2.0,1.0
2017-03-28,30.0,404.0,2017.0,3.0,28.0,2.0,1.0
2017-03-31,17.0,405.0,2017.0,3.0,31.0,2.0,1.0
2017-04-04,13.0,406.0,2017.0,4.0,4.0,2.0,1.0
2017-04-07,30.0,407.0,2017.0,4.0,7.0,2.0,1.0
2017-04-11,19.0,408.0,2017.0,4.0,11.0,2.0,1.0
2017-04-14,5.0,409.0,2017.0,4.0,14.0,2.0,1.0
2017-04-18,8.0,410.0,2017.0,4.0,18.0,2.0,1.0
2017-04-21,1.0,411.0,2017.0,4.0,21.0,2.0,0.0
2017-04-25,3.0,412.0,2017.0,4.0,25.0,2.0,1.0
2017-04-28,6.0,413.0,2017.0,4.0,28.0,2.0,1.0
2017-05-02,5.0,414.0,2017.0,5.0,2.0,2.0,1.0
2017-05-05,4.0,415.0,2017.0,5.0,5.0,2.0,1.0
2017-05-09,6.0,416.0,2017.0,5.0,9.0,2.0,1.0
2017-05-12,28.0,417.0,2017.0,5.0,12.0,2.0,1.0
2017-05-16,4.0,418.0,2017.0,5.0,16.0,2.0,1.0
2017-05-19,1.0,419.0,2017.0,5.0,19.0,2.0,0.0
2017-05-23,6.0,420.0,2017.0,5.0,23.0,2.0,1.0
2017-05-26,25.0,421.0,2017.0,5.0,26.0,2.0,1.0
2017-05-30,5.0,422.0,2017.0,5.0,30.0,2.0,1.0
2017-06-02,7.0,423.0,2017.0,6.0,2.0,2.0,1.0
2017-06-06,3.0,424.0,2017.0,6.0,6.0,2.0,1.0
2017-06-09,3.0,425.0,2017.0,6.0,9.0,2.0,1.0
2017-06-13,27.0,426.0,2017.0,6.0,13.0,2.0,1.0
2017-06-16,18.0,427.0,2017.0,6.0,16.0,2.0,1.0
2017-06-20,2.0,428.0,2017.0,6.0,20.0,2.0,0.0
2017-06-23,12.0,429.0,2017.0,6.0,23.0,2.0,1.0
2017-06-27,4.0,430.0,2017.0,6.0,27.0,2.0,1.0
2017-06-30,10.0,431.0,2017.0,6.0,30.0,2.0,1.0
2017-07-04,16.0,432.0,2017.0,7.0,4.0,2.0,1.0
2017-07-07,2.0,433.0,2017.0,7.0,7.0,2.0,0.0
2017-07-11,7.0,434.0,2017.0,7.0,11.0,2.0,1.0
2017-07-14,11.0,435.0,2017.0,7.0,14.0,2.0,1.0
2017-07-18,8.0,436.0,2017.0,7.0,18.0,2.0,1.0
2017-07-21,18.0,437.0,2017.0,7.0,21.0,2.0,1.0
2017-07-25,2.0,438.0,2017.0,7.0,25.0,2.0,0.0
2017-07-28,4.0,439.0,2017.0,7.0,28.0,2.0,1.0
2017-08-01,20.0,440.0,2017.0,8.0,1.0,2.0,1.0
2017-08-04,9.0,441.0,2017.0,8.0,4.0,2.0,1.0
2017-08-08,11.0,442.0,2017.0,8.0,8.0,2.0,1.0
2017-08-11,23.0,443.0,2017.0,8.0,11.0,2.0,1.0
2017-08-15,7.0,444.0,2017.0,8.0,15.0,2.0,1.0
2017-08-18,1.0,445.0,2017.0,8.0,18.0,2.0,0.0
2017-08-22,24.0,446.0,2017.0,8.0,22.0,2.0,1.0
2017-08-25,17.0,447.0,2017.0,8.0,25.0,2.0,1.0
2017-08-29,2.0,448.0,2017.0,8.0,29.0,2.0,0.0
2017-09-01,4.0,449.0,2017.0,9.0,1.0,2.0,1.0
2017-09-05,11.0,450.0,2017.0,9.0,5.0,2.0,1.0
2017-09-08,4.0,451.0,2017.0,9.0,8.0,2.0,1.0
2017-09-12,26.0,452.0,2017.0,9.0,12.0,2.0,1.0
2017-09-15,18.0,453.0,2017.0,9.0,15.0,2.0,1.0
2017-09-19,9.0,454.0,2017.0,9.0,19.0,2.0,1.0
2017-09-22,5.0,455.0,2017.0,9.0,22.0,2.0,1.0
2017-09-26,1.0,456.0,2017.0,9.0,26.0,2.0,0.0
2017-09-29,25.0,457.0,2017.0,9.0,29.0,2.0,1.0
2017-10-03,12.0,458.0,2017.0,10.0,3.0,2.0,1.0
2017-10-06,21.0,459.0,2017.0,10.0,6.0,2.0,1.0
2017-10-10,7.0,460.0,2017.0,10.0,10.0,2.0,1.0
2017-10-13,2.0,461.0,2017.0,10.0,13.0,2.0,0.0
2017-10-17,31.0,462.0,2017.0,10.0,17.0,2.0,1.0
2017-10-20,6.0,463.0,2017.0,10.0,20.0,2.0,1.0
2017-10-24,20.0,464.0,2017.0,10.0,24.0,2.0,1.0
2017-10-27,17.0,465.0,2017.0,10.0,27.0,2.0,1.0
2017-10-31,6.0,466.0,2017.0,10.0,31.0,2.0,1.0
2017-11-03,10.0,467.0,2017.0,11.0,3.0,2.0,1.0
2017-11-07,1.0,468.0,2017.0,11.0,7.0,2.0,0.0
2017-11-10,6.0,469.0,2017.0,11.0,10.0,2.0,1.0
2017-11-14,1.0,470.0,2017.0,11.0,14.0,2.0,0.0
2017-11-17,3.0,471.0,2017.0,11.0,17.0,2.0,1.0
2017-11-21,3.0,472.0,2017.0,11.0,21.0,2.0,1.0
2017-11-24,16.0,473.0,2017.0,11.0,24.0,2.0,1.0
2017-11-28,10.0,474.0,2017.0,11.0,28.0,2.0,1.0
2017-12-01,16.0,475.0,2017.0,12.0,1.0,2.0,1.0
2017-12-05,14.0,476.0,2017.0,12.0,5.0,2.0,1.0
2017-12-08,6.0,477.0,2017.0,12.0,8.0,2.0,1.0
2017-12-12,8.0,478.0,2017.0,12.0,12.0,2.0,1.0
2017-12-15,4.0,479.0,2017.0,12.0,15.0,2.0,1.0
2017-12-19,28.0,480.0,2017.0,12.0,19.0,2.0,1.0
2017-12-22,1.0,481.0,2017.0,12.0,22.0,2.0,0.0
2017-12-26,10.0,482.0,2017.0,12.0,26.0,2.0,1.0
2017-12-29,4.0,483.0,2017.0,12.0,29.0,2.0,1.0
2018-01-02,1.0,484.0,2018.0,1.0,2.0,2.0,0.0
2018-01-05,28.0,485.0,2018.0,1.0,5.0,2.0,1.0
2018-01-09,16.0,486.0,2018.0,1.0,9.0,2.0,1.0
2018-01-12,17.0,487.0,2018.0,1.0,12.0,2.0,1.0
2018-01-16,3.0,488.0,2018.0,1.0,16.0,2.0,1.0
2018-01-19,3.0,489.0,2018.0,1.0,19.0,2.0,1.0
2018-01-23,2.0,490.0,2018.0,1.0,23.0,2.0,0.0
2018-01-26,10.0,491.0,2018.0,1.0,26.0,2.0,1.0
2018-01-30,29.0,492.0,2018.0,1.0,30.0,2.0,1.0
2018-02-02,1.0,493.0,2018.0,2.0,2.0,2.0,0.0
2018-02-06,14.0,494.0,2018.0,2.0,6.0,2.0,1.0
2018-02-09,28.0,495.0,2018.0,2.0,9.0,2.0,1.0
2018-02-13,5.0,496.0,2018.0,2.0,13.0,2.0,1.0
2018-02-16,14.0,497.0,2018.0,2.0,16.0,2.0,1.0
2018-02-20,17.0,498.0,2018.0,2.0,20.0,2.0,1.0
2018-02-23,7.0,499.0,2018.0,2.0,23.0,2.0,1.0
2018-02-27,10.0,500.0,2018.0,2.0,27.0,2.0,1.0
2018-03-02,24.0,501.0,2018.0,3.0,2.0,2.0,1.0
2018-03-06,1.0,502.0,2018.0,3.0,6.0,2.0,0.0
2018-03-09,7.0,503.0,2018.0,3.0,9.0,2.0,1.0
2018-03-13,6.0,504.0,2018.0,3.0,13.0,2.0,1.0
2018-03-16,1.0,505.0,2018.0,3.0,16.0,2.0,0.0
2018-03-20,14.0,506.0,2018.0,3.0,20.0,2.0,1.0
2018-03-23,4.0,507.0,2018.0,3.0,23.0,2.0,1.0
2018-03-27,7.0,508.0,2018.0,3.0,27.0,2.0,1.0
2018-03-30,11.0,509.0,2018.0,3.0,30.0,2.0,1.0
2018-04-03,4.0,510.0,2018.0,4.0,3.0,2.0,1.0
2018-04-06,16.0,511.0,2018.0,4.0,6.0,2.0,1.0
2018-04-10,5.0,512.0,2018.0,4.0,10.0,2.0,1.0
2018-04-13,8.0,513.0,2018.0,4.0,13.0,2.0,1.0
2018-04-17,12.0,514.0,2018.0,4.0,17.0,2.0,1.0
2018-04-20,1.0,515.0,2018.0,4.0,20.0,2.0,0.0
2018-04-24,3.0,516.0,2018.0,4.0,24.0,2.0,1.0
2018-04-27,2.0,517.0,2018.0,4.0,27.0,2.0,0.0
2018-05-01,2.0,518.0,2018.0,5.0,1.0,2.0,0.0
2018-05-04,4.0,519.0,2018.0,5.0,4.0,2.0,1.0
2018-05-08,8.0,520.0,2018.0,5.0,8.0,2.0,1.0
2018-05-11,14.0,521.0,2018.0,5.0,11.0,2.0,1.0
2018-05-15,21.0,522.0,2018.0,5.0,15.0,2.0,1.0
2018-05-18,9.0,523.0,2018.0,5.0,18.0,2.0,1.0
2018-05-22,16.0,524.0,2018.0,5.0,22.0,2.0,1.0
2018-05-25,11.0,525.0,2018.0,5.0,25.0,2.0,1.0
2018-05-29,2.0,526.0,2018.0,5.0,29.0,2.0,0.0
2018-06-01,5.0,527.0,2018.0,6.0,1.0,2.0,1.0
2018-06-05,22.0,528.0,2018.0,6.0,5.0,2.0,1.0
2018-06-08,14.0,529.0,2018.0,6.0,8.0,2.0,1.0
2018-06-12,1.0,530.0,2018.0,6.0,12.0,2.0,0.0
2018-06-15,1.0,531.0,2018.0,6.0,15.0,2.0,0.0
2018-06-19,11.0,532.0,2018.0,6.0,19.0,2.0,1.0
2018-06-22,2.0,533.0,2018.0,6.0,22.0,2.0,0.0
2018-06-26,17.0,534.0,2018.0,6.0,26.0,2.0,1.0
2018-06-29,2.0,535.0,2018.0,6.0,29.0,2.0,0.0
2018-07-03,13.0,536.0,2018.0,7.0,3.0,2.0,1.0
2018-07-06,2.0,537.0,2018.0,7.0,6.0,2.0,0.0
2018-07-10,1.0,538.0,2018.0,7.0,10.0,2.0,0.0
2018-07-13,21.0,539.0,2018.0,7.0,13.0,2.0,1.0
2018-07-17,40.0,540.0,2018.0,7.0,17.0,2.0,1.0
2018-07-20,1.0,541.0,2018.0,7.0,20.0,2.0,0.0
2018-07-24,1.0,542.0,2018.0,7.0,24.0,2.0,0.0
2018-07-27,1.0,543.0,2018.0,7.0,27.0,2.0,0.0
2018-07-31,12.0,544.0,2018.0,7.0,31.0,2.0,1.0
2018-08-03,9.0,545.0,2018.0,8.0,3.0,2.0,1.0
2018-08-07,2.0,546.0,2018.0,8.0,7.0,2.0,0.0
2018-08-10,1.0,547.0,2018.0,8.0,10.0,2.0,0.0
2018-08-14,11.0,548.0,2018.0,8.0,14.0,2.0,1.0
2018-08-17,1.0,549.0,2018.0,8.0,17.0,2.0,0.0
2018-08-21,14.0,550.0,2018.0,8.0,21.0,2.0,1.0
2018-08-24,1.0,551.0,2018.0,8.0,24.0,2.0,0.0
2018-08-28,3.0,552.0,2018.0,8.0,28.0,2.0,1.0
2018-08-31,7.0,553.0,2018.0,8.0,31.0,2.0,1.0
2018-09-04,2.0,554.0,2018.0,9.0,4.0,2.0,0.0
2018-09-07,8.0,555.0,2018.0,9.0,7.0,2.0,1.0
2018-09-11,15.0,556.0,2018.0,9.0,11.0,2.0,1.0
2018-09-14,23.0,557.0,2018.0,9.0,14.0,2.0,1.0
2018-09-18,31.0,558.0,2018.0,9.0,18.0,2.0,1.0
2018-09-21,1.0,559.0,2018.0,9.0,21.0,2.0,0.0
2018-09-25,8.0,560.0,2018.0,9.0,25.0,2.0,1.0
2018-09-28,39.0,561.0,2018.0,9.0,28.0,2.0,1.0
2018-10-02,2.0,562.0,2018.0,10.0,2.0,2.0,0.0
2018-10-05,27.0,563.0,2018.0,10.0,5.0,2.0,1.0
2018-10-09,20.0,564.0,2018.0,10.0,9.0,2.0,1.0
2018-10-12,4.0,565.0,2018.0,10.0,12.0,2.0,1.0
2018-10-16,3.0,566.0,2018.0,10.0,16.0,2.0,1.0
2018-10-19,15.0,567.0,2018.0,10.0,19.0,2.0,1.0
2018-10-23,5.0,568.0,2018.0,10.0,23.0,2.0,1.0
2018-10-26,1.0,569.0,2018.0,10.0,26.0,2.0,0.0
2018-10-30,20.0,570.0,2018.0,10.0,30.0,2.0,1.0
2018-11-02,3.0,571.0,2018.0,11.0,2.0,2.0,1.0
2018-11-06,28.0,572.0,2018.0,11.0,6.0,2.0,1.0
2018-11-09,8.0,573.0,2018.0,11.0,9.0,2.0,1.0
2018-11-13,34.0,574.0,2018.0,11.0,13.0,2.0,1.0
2018-11-16,33.0,575.0,2018.0,11.0,16.0,2.0,1.0
2018-11-20,10.0,576.0,2018.0,11.0,20.0,2.0,1.0
2018-11-23,7.0,577.0,2018.0,11.0,23.0,2.0,1.0
2018-11-27,12.0,578.0,2018.0,11.0,27.0,2.0,1.0
2018-11-30,25.0,579.0,2018.0,11.0,30.0,2.0,1.0
2018-12-04,28.0,580.0,2018.0,12.0,4.0,2.0,1.0
2018-12-07,4.0,581.0,2018.0,12.0,7.0,2.0,1.0
2018-12-11,4.0,582.0,2018.0,12.0,11.0,2.0,1.0
2018-12-14,5.0,583.0,2018.0,12.0,14.0,2.0,1.0
2018-12-18,13.0,584.0,2018.0,12.0,18.0,2.0,1.0
2018-12-21,10.0,585.0,2018.0,12.0,21.0,2.0,1.0
2018-12-25,2.0,586.0,2018.0,12.0,25.0,2.0,0.0
2018-12-28,9.0,587.0,2018.0,12.0,28.0,2.0,1.0
2019-01-01,34.0,588.0,2019.0,1.0,1.0,2.0,1.0
2019-01-04,21.0,589.0,2019.0,1.0,4.0,2.0,1.0
2019-01-08,13.0,590.0,2019.0,1.0,8.0,2.0,1.0
2019-01-11,4.0,591.0,2019.0,1.0,11.0,2.0,1.0
2019-01-15,29.0,592.0,2019.0,1.0,15.0,2.0,1.0
2019-01-18,2.0,593.0,2019.0,1.0,18.0,2.0,0.0
2019-01-22,4.0,594.0,2019.0,1.0,22.0,2.0,1.0
2019-01-25,8.0,595.0,2019.0,1.0,25.0,2.0,1.0
2019-01-29,10.0,596.0,2019.0,1.0,29.0,2.0,1.0
2019-02-01,2.0,597.0,2019.0,2.0,1.0,2.0,0.0
2019-02-05,3.0,598.0,2019.0,2.0,5.0,2.0,1.0
2019-02-08,14.0,599.0,2019.0,2.0,8.0,2.0,1.0
2019-02-12,15.0,600.0,2019.0,2.0,12.0,2.0,1.0
2019-02-15,10.0,601.0,2019.0,2.0,15.0,2.0,1.0
2019-02-19,17.0,602.0,2019.0,2.0,19.0,2.0,1.0
2019-02-22,18.0,603.0,2019.0,2.0,22.0,2.0,1.0
2019-02-26,10.0,604.0,2019.0,2.0,26.0,2.0,1.0
2019-03-01,29.0,605.0,2019.0,3.0,1.0,2.0,1.0
2019-03-05,15.0,606.0,2019.0,3.0,5.0,2.0,1.0
2019-03-08,4.0,607.0,2019.0,3.0,8.0,2.0,1.0
2019-03-12,10.0,608.0,2019.0,3.0,12.0,2.0,1.0
2019-03-15,3.0,609.0,2019.0,3.0,15.0,2.0,1.0
2019-03-19,10.0,610.0,2019.0,3.0,19.0,2.0,1.0
2019-03-22,7.0,611.0,2019.0,3.0,22.0,2.0,1.0
2019-03-26,4.0,612.0,2019.0,3.0,26.0,2.0,1.0
2019-03-29,5.0,613.0,2019.0,3.0,29.0,2.0,1.0
2019-04-02,33.0,614.0,2019.0,4.0,2.0,2.0,1.0
2019-04-05,8.0,615.0,2019.0,4.0,5.0,2.0,1.0
2019-04-09,11.0,616.0,2019.0,4.0,9.0,2.0,1.0
2019-04-12,1.0,617.0,2019.0,4.0,12.0,2.0,0.0
2019-04-16,11.0,618.0,2019.0,4.0,16.0,2.0,1.0
2019-04-19,18.0,619.0,2019.0,4.0,19.0,2.0,1.0
2019-04-23,7.0,620.0,2019.0,4.0,23.0,2.0,1.0
2019-04-26,9.0,621.0,2019.0,4.0,26.0,2.0,1.0
2019-04-30,24.0,622.0,2019.0,4.0,30.0,2.0,1.0
2019-05-03,8.0,623.0,2019.0,5.0,3.0,2.0,1.0
2019-05-07,3.0,624.0,2019.0,5.0,7.0,2.0,1.0
2019-05-10,3.0,625.0,2019.0,5.0,10.0,2.0,1.0
2019-05-14,11.0,626.0,2019.0,5.0,14.0,2.0,1.0
2019-05-17,5.0,627.0,2019.0,5.0,17.0,2.0,1.0
2019-05-21,10.0,628.0,2019.0,5.0,21.0,2.0,1.0
2019-05-24,14.0,629.0,2019.0,5.0,24.0,2.0,1.0
2019-05-28,9.0,630.0,2019.0,5.0,28.0,2.0,1.0
2019-05-31,7.0,631.0,2019.0,5.0,31.0,2.0,1.0
2019-06-04,25.0,632.0,2019.0,6.0,4.0,2.0,1.0
2019-06-07,17.0,633.0,2019.0,6.0,7.0,2.0,1.0
2019-06-11,20.0,634.0,2019.0,6.0,11.0,2.0,1.0
2019-06-14,19.0,635.0,2019.0,6.0,14.0,2.0,1.0
2019-06-18,12.0,636.0,2019.0,6.0,18.0,2.0,1.0
2019-06-21,13.0,637.0,2019.0,6.0,21.0,2.0,1.0
2019-06-25,24.0,638.0,2019.0,6.0,25.0,2.0,1.0
2019-06-28,2.0,639.0,2019.0,6.0,28.0,2.0,0.0
2019-07-02,3.0,640.0,2019.0,7.0,2.0,2.0,1.0
2019-07-05,6.0,641.0,2019.0,7.0,5.0,2.0,1.0
2019-07-09,12.0,642.0,2019.0,7.0,9.0,2.0,1.0
2019-07-12,8.0,643.0,2019.0,7.0,12.0,2.0,1.0
2019-07-16,8.0,644.0,2019.0,7.0,16.0,2.0,1.0
2019-07-19,16.0,645.0,2019.0,7.0,19.0,2.0,1.0
2019-07-23,1.0,646.0,2019.0,7.0,23.0,2.0,0.0
2019-07-26,4.0,647.0,2019.0,7.0,26.0,2.0,1.0
2019-07-30,10.0,648.0,2019.0,7.0,30.0,2.0,1.0
2019-08-02,11.0,649.0,2019.0,8.0,2.0,2.0,1.0
2019-08-06,11.0,650.0,2019.0,8.0,6.0,2.0,1.0
2019-08-09,15.0,651.0,2019.0,8.0,9.0,2.0,1.0
2019-08-13,7.0,652.0,2019.0,8.0,13.0,2.0,1.0
2019-08-16,4.0,653.0,2019.0,8.0,16.0,2.0,1.0
2019-08-20,8.0,654.0,2019.0,8.0,20.0,2.0,1.0
2019-08-23,11.0,655.0,2019.0,8.0,23.0,2.0,1.0
2019-08-27,8.0,656.0,2019.0,8.0,27.0,2.0,1.0
2019-08-30,3.0,657.0,2019.0,8.0,30.0,2.0,1.0
2019-09-03,13.0,658.0,2019.0,9.0,3.0,2.0,1.0
2019-09-06,4.0,659.0,2019.0,9.0,6.0,2.0,1.0
2019-09-10,34.0,660.0,2019.0,9.0,10.0,2.0,1.0
2019-09-13,6.0,661.0,2019.0,9.0,13.0,2.0,1.0
2019-09-17,12.0,662.0,2019.0,9.0,17.0,2.0,1.0
2019-09-20,23.0,663.0,2019.0,9.0,20.0,2.0,1.0
2019-09-24,6.0,664.0,2019.0,9.0,24.0,2.0,1.0
2019-09-27,12.0,665.0,2019.0,9.0,27.0,2.0,1.0
2019-10-01,10.0,666.0,2019.0,10.0,1.0,2.0,1.0
2019-10-04,11.0,667.0,2019.0,10.0,4.0,2.0,1.0
2019-10-08,5.0,668.0,2019.0,10.0,8.0,2.0,1.0
2019-10-11,14.0,669.0,2019.0,10.0,11.0,2.0,1.0
2019-10-15,4.0,670.0,2019.0,10.0,15.0,2.0,1.0
2019-10-18,18.0,671.0,2019.0,10.0,18.0,2.0,1.0
2019-10-22,5.0,672.0,2019.0,10.0,22.0,2.0,1.0
2019-10-25,16.0,673.0,2019.0,10.0,25.0,2.0,1.0
2019-10-29,4.0,674.0,2019.0,10.0,29.0,2.0,1.0
2019-11-01,9.0,675.0,2019.0,11.0,1.0,2.0,1.0
2019-11-05,2.0,676.0,2019.0,11.0,5.0,2.0,0.0
2019-11-08,3.0,677.0,2019.0,11.0,8.0,2.0,1.0
2019-11-12,19.0,678.0,2019.0,11.0,12.0,2.0,1.0
2019-11-15,12.0,679.0,2019.0,11.0,15.0,2.0,1.0
2019-11-19,22.0,680.0,2019.0,11.0,19.0,2.0,1.0
2019-11-22,7.0,681.0,2019.0,11.0,22.0,2.0,1.0
2019-11-26,8.0,682.0,2019.0,11.0,26.0,2.0,1.0
2019-11-29,6.0,683.0,2019.0,11.0,29.0,2.0,1.0
2019-12-03,23.0,684.0,2019.0,12.0,3.0,2.0,1.0
2019-12-06,20.0,685.0,2019.0,12.0,6.0,2.0,1.0
2019-12-10,18.0,686.0,2019.0,12.0,10.0,2.0,1.0
2019-12-13,17.0,687.0,2019.0,12.0,13.0,2.0,1.0
2019-12-17,22.0,688.0,2019.0,12.0,17.0,2.0,1.0
2019-12-20,3.0,689.0,2019.0,12.0,20.0,2.0,1.0
2019-12-24,27.0,690.0,2019.0,12.0,24.0,2.0,1.0
2019-12-27,17.0,691.0,2019.0,12.0,27.0,2.0,1.0
2019-12-31,30.0,692.0,2019.0,12.0,31.0,2.0,1.0
2020-01-03,37.0,693.0,2020.0,1.0,3.0,2.0,1.0
2020-01-07,25.0,694.0,2020.0,1.0,7.0,2.0,1.0
2020-01-10,17.0,695.0,2020.0,1.0,10.0,2.0,1.0
2020-01-14,9.0,696.0,2020.0,1.0,14.0,2.0,1.0
2020-01-17,3.0,697.0,2020.0,1.0,17.0,2.0,1.0
2020-01-21,16.0,698.0,2020.0,1.0,21.0,2.0,1.0
2020-01-24,3.0,699.0,2020.0,1.0,24.0,2.0,1.0
2020-01-28,17.0,700.0,2020.0,1.0,28.0,2.0,1.0
2020-01-31,28.0,701.0,2020.0,1.0,31.0,2.0,1.0
2020-02-04,32.0,702.0,2020.0,2.0,4.0,2.0,1.0
2020-02-07,9.0,703.0,2020.0,2.0,7.0,2.0,1.0
2020-02-11,4.0,704.0,2020.0,2.0,11.0,2.0,1.0
2020-02-14,10.0,705.0,2020.0,2.0,14.0,2.0,1.0
2020-02-18,6.0,706.0,2020.0,2.0,18.0,2.0,1.0
2020-02-21,4.0,707.0,2020.0,2.0,21.0,2.0,1.0
2020-02-25,2.0,708.0,2020.0,2.0,25.0,2.0,0.0
2020-02-28,2.0,709.0,2020.0,2.0,28.0,2.0,0.0
2020-03-03,8.0,710.0,2020.0,3.0,3.0,2.0,1.0
2020-03-06,15.0,711.0,2020.0,3.0,6.0,2.0,1.0
2020-03-10,6.0,712.0,2020.0,3.0,10.0,2.0,1.0
2020-03-13,7.0,713.0,2020.0,3.0,13.0,2.0,1.0
2020-03-17,20.0,714.0,2020.0,3.0,17.0,2.0,1.0
2020-03-20,34.0,715.0,2020.0,3.0,20.0,2.0,1.0
2020-03-24,2.0,716.0,2020.0,3.0,24.0,2.0,0.0
2020-03-27,3.0,717.0,2020.0,3.0,27.0,2.0,1.0
2020-03-31,8.0,718.0,2020.0,3.0,31.0,2.0,1.0
2020-04-03,24.0,719.0,2020.0,4.0,3.0,2.0,1.0
2020-04-07,25.0,720.0,2020.0,4.0,7.0,2.0,1.0
2020-04-10,2.0,721.0,2020.0,4.0,10.0,2.0,0.0
2020-04-14,29.0,722.0,2020.0,4.0,14.0,2.0,1.0
2020-04-17,13.0,723.0,2020.0,4.0,17.0,2.0,1.0
2020-04-21,13.0,724.0,2020.0,4.0,21.0,2.0,1.0
2020-04-24,1.0,725.0,2020.0,4.0,24.0,2.0,0.0
2020-04-28,13.0,726.0,2020.0,4.0,28.0,2.0,1.0
2020-05-01,28.0,727.0,2020.0,5.0,1.0,2.0,1.0
2020-05-05,7.0,728.0,2020.0,5.0,5.0,2.0,1.0
2020-05-08,5.0,729.0,2020.0,5.0,8.0,2.0,1.0
2020-05-12,7.0,730.0,2020.0,5.0,12.0,2.0,1.0
2020-05-15,11.0,731.0,2020.0,5.0,15.0,2.0,1.0
2020-05-19,8.0,732.0,2020.0,5.0,19.0,2.0,1.0
2020-05-22,8.0,733.0,2020.0,5.0,22.0,2.0,1.0
2020-05-26,34.0,734.0,2020.0,5.0,26.0,2.0,1.0
2020-05-29,10.0,735.0,2020.0,5.0,29.0,2.0,1.0
2020-06-02,9.0,736.0,2020.0,6.0,2.0,2.0,1.0
2020-06-05,32.0,737.0,2020.0,6.0,5.0,2.0,1.0
2020-06-09,1.0,738.0,2020.0,6.0,9.0,2.0,0.0
2020-06-12,9.0,739.0,2020.0,6.0,12.0,2.0,1.0
2020-06-16,21.0,740.0,2020.0,6.0,16.0,2.0,1.0
2020-06-19,11.0,741.0,2020.0,6.0,19.0,2.0,1.0
2020-06-23,6.0,742.0,2020.0,6.0,23.0,2.0,1.0
2020-06-26,19.0,743.0,2020.0,6.0,26.0,2.0,1.0
2020-06-30,9.0,744.0,2020.0,6.0,30.0,2.0,1.0
2020-07-03,20.0,745.0,2020.0,7.0,3.0,2.0,1.0
2020-07-07,16.0,746.0,2020.0,7.0,7.0,2.0,1.0
2020-07-10,10.0,747.0,2020.0,7.0,10.0,2.0,1.0
2020-07-14,6.0,748.0,2020.0,7.0,14.0,2.0,1.0
2020-07-17,12.0,749.0,2020.0,7.0,17.0,2.0,1.0
2020-07-21,14.0,750.0,2020.0,7.0,21.0,2.0,1.0
2020-07-24,8.0,751.0,2020.0,7.0,24.0,2.0,1.0
2020-07-28,17.0,752.0,2020.0,7.0,28.0,2.0,1.0
2020-07-31,12.0,753.0,2020.0,7.0,31.0,2.0,1.0
2020-08-04,2.0,754.0,2020.0,8.0,4.0,2.0,0.0
2020-08-07,4.0,755.0,2020.0,8.0,7.0,2.0,1.0
2020-08-11,8.0,756.0,2020.0,8.0,11.0,2.0,1.0
2020-08-14,3.0,757.0,2020.0,8.0,14.0,2.0,1.0
2020-08-18,4.0,758.0,2020.0,8.0,18.0,2.0,1.0
2020-08-21,11.0,759.0,2020.0,8.0,21.0,2.0,1.0
2020-08-25,8.0,760.0,2020.0,8.0,25.0,2.0,1.0
2020-08-28,3.0,761.0,2020.0,8.0,28.0,2.0,1.0
2020-09-01,15.0,762.0,2020.0,9.0,1.0,2.0,1.0
2020-09-04,19.0,763.0,2020.0,9.0,4.0,2.0,1.0
2020-09-08,7.0,764.0,2020.0,9.0,8.0,2.0,1.0
2020-09-11,3.0,765.0,2020.0,9.0,11.0,2.0,1.0
2020-09-15,25.0,766.0,2020.0,9.0,15.0,2.0,1.0
2020-09-18,26.0,767.0,2020.0,9.0,18.0,2.0,1.0
2020-09-22,36.0,768.0,2020.0,9.0,22.0,2.0,1.0
2020-09-25,20.0,769.0,2020.0,9.0,25.0,2.0,1.0
2020-09-29,14.0,770.0,2020.0,9.0,29.0,2.0,1.0
2020-10-02,9.0,771.0,2020.0,10.0,2.0,2.0,1.0
2020-10-06,15.0,772.0,2020.0,10.0,6.0,2.0,1.0
2020-10-09,5.0,773.0,2020.0,10.0,9.0,2.0,1.0
2020-10-13,11.0,774.0,2020.0,10.0,13.0,2.0,1.0
2020-10-16,27.0,775.0,2020.0,10.0,16.0,2.0,1.0
2020-10-20,46.0,776.0,2020.0,10.0,20.0,2.0,1.0
2020-10-23,18.0,777.0,2020.0,10.0,23.0,2.0,1.0
2020-10-27,6.0,778.0,2020.0,10.0,27.0,2.0,1.0
2020-10-30,14.0,779.0,2020.0,10.0,30.0,2.0,1.0
2020-11-03,7.0,780.0,2020.0,11.0,3.0,2.0,1.0
2020-11-06,18.0,781.0,2020.0,11.0,6.0,2.0,1.0
2020-11-10,23.0,782.0,2020.0,11.0,10.0,2.0,1.0
2020-11-13,6.0,783.0,2020.0,11.0,13.0,2.0,1.0
2020-11-17,8.0,784.0,2020.0,11.0,17.0,2.0,1.0
2020-11-20,26.0,785.0,2020.0,11.0,20.0,2.0,1.0
2020-11-24,9.0,786.0,2020.0,11.0,24.0,2.0,1.0
2020-11-27,4.0,787.0,2020.0,11.0,27.0,2.0,1.0
2020-12-01,7.0,788.0,2020.0,12.0,1.0,2.0,1.0
2020-12-04,3.0,789.0,2020.0,12.0,4.0,2.0,1.0
2020-12-08,15.0,790.0,2020.0,12.0,8.0,2.0,1.0
2020-12-11,19.0,791.0,2020.0,12.0,11.0,2.0,1.0
2020-12-15,1.0,792.0,2020.0,12.0,15.0,2.0,0.0
2020-12-18,7.0,793.0,2020.0,12.0,18.0,2.0,1.0
2020-12-22,29.0,794.0,2020.0,12.0,22.0,2.0,1.0
2020-12-25,17.0,795.0,2020.0,12.0,25.0,2.0,1.0
2020-12-29,1.0,796.0,2020.0,12.0,29.0,2.0,0.0
2021-01-01,8.0,797.0,2021.0,1.0,1.0,2.0,1.0
2021-01-05,20.0,798.0,2021.0,1.0,5.0,2.0,1.0
2021-01-08,3.0,799.0,2021.0,1.0,8.0,2.0,1.0
2021-01-12,12.0,800.0,2021.0,1.0,12.0,2.0,1.0
2021-01-15,3.0,801.0,2021.0,1.0,15.0,2.0,1.0
2021-01-19,10.0,802.0,2021.0,1.0,19.0,2.0,1.0
2021-01-22,4.0,803.0,2021.0,1.0,22.0,2.0,1.0
2021-01-26,29.0,804.0,2021.0,1.0,26.0,2.0,1.0
2021-01-29,4.0,805.0,2021.0,1.0,29.0,2.0,1.0
2021-02-02,13.0,806.0,2021.0,2.0,2.0,2.0,1.0
2021-02-05,14.0,807.0,2021.0,2.0,5.0,2.0,1.0
2021-02-09,7.0,808.0,2021.0,2.0,9.0,2.0,1.0
2021-02-12,5.0,809.0,2021.0,2.0,12.0,2.0,1.0
2021-02-16,1.0,810.0,2021.0,2.0,16.0,2.0,0.0
2021-02-19,27.0,811.0,2021.0,2.0,19.0,2.0,1.0
2021-02-23,5.0,812.0,2021.0,2.0,23.0,2.0,1.0
2021-02-26,11.0,813.0,2021.0,2.0,26.0,2.0,1.0
2021-03-02,4.0,814.0,2021.0,3.0,2.0,2.0,1.0
2021-03-05,10.0,815.0,2021.0,3.0,5.0,2.0,1.0
2021-03-09,4.0,816.0,2021.0,3.0,9.0,2.0,1.0
2021-03-12,2.0,817.0,2021.0,3.0,12.0,2.0,0.0
2021-03-16,10.0,818.0,2021.0,3.0,16.0,2.0,1.0
2021-03-19,9.0,819.0,2021.0,3.0,19.0,2.0,1.0
2021-03-23,12.0,820.0,2021.0,3.0,23.0,2.0,1.0
2021-03-26,4.0,821.0,2021.0,3.0,26.0,2.0,1.0
2021-03-30,11.0,822.0,2021.0,3.0,30.0,2.0,1.0
2021-04-02,10.0,823.0,2021.0,4.0,2.0,2.0,1.0
2021-04-06,1.0,824.0,2021.0,4.0,6.0,2.0,0.0
2021-04-09,22.0,825.0,2021.0,4.0,9.0,2.0,1.0
2021-04-13,10.0,826.0,2021.0,4.0,13.0,2.0,1.0
2021-04-16,17.0,827.0,2021.0,4.0,16.0,2.0,1.0
2021-04-20,6.0,828.0,2021.0,4.0,20.0,2.0,1.0
2021-04-23,4.0,829.0,2021.0,4.0,23.0,2.0,1.0
2021-04-27,15.0,830.0,2021.0,4.0,27.0,2.0,1.0
2021-04-30,8.0,831.0,2021.0,4.0,30.0,2.0,1.0
2021-05-04,4.0,832.0,2021.0,5.0,4.0,2.0,1.0
2021-05-07,5.0,833.0,2021.0,5.0,7.0,2.0,1.0
2021-05-11,7.0,834.0,2021.0,5.0,11.0,2.0,1.0
2021-05-14,3.0,835.0,2021.0,5.0,14.0,2.0,1.0
2021-05-18,3.0,836.0,2021.0,5.0,18.0,2.0,1.0
2021-05-21,6.0,837.0,2021.0,5.0,21.0,2.0,1.0
2021-05-25,14.0,838.0,2021.0,5.0,25.0,2.0,1.0
2021-05-28,10.0,839.0,2021.0,5.0,28.0,2.0,1.0
2021-06-01,7.0,840.0,2021.0,6.0,1.0,2.0,1.0
2021-06-04,4.0,841.0,2021.0,6.0,4.0,2.0,1.0
2021-06-08,9.0,842.0,2021.0,6.0,8.0,2.0,1.0
2021-06-11,4.0,843.0,2021.0,6.0,11.0,2.0,1.0
2021-06-15,18.0,844.0,2021.0,6.0,15.0,2.0,1.0
2021-06-18,14.0,845.0,2021.0,6.0,18.0,2.0,1.0
2021-06-22,1.0,846.0,2021.0,6.0,22.0,2.0,0.0
2021-06-25,17.0,847.0,2021.0,6.0,25.0,2.0,1.0
2021-06-29,7.0,848.0,2021.0,6.0,29.0,2.0,1.0
2021-07-02,8.0,849.0,2021.0,7.0,2.0,2.0,1.0
2021-07-06,18.0,850.0,2021.0,7.0,6.0,2.0,1.0
2021-07-09,6.0,851.0,2021.0,7.0,9.0,2.0,1.0
2021-07-13,3.0,852.0,2021.0,7.0,13.0,2.0,1.0
2021-07-16,24.0,853.0,2021.0,7.0,16.0,2.0,1.0
2021-07-20,10.0,854.0,2021.0,7.0,20.0,2.0,1.0
2021-07-23,13.0,855.0,2021.0,7.0,23.0,2.0,1.0
2021-07-27,2.0,856.0,2021.0,7.0,27.0,2.0,0.0
2021-07-30,19.0,857.0,2021.0,7.0,30.0,2.0,1.0
2021-08-03,1.0,858.0,2021.0,8.0,3.0,2.0,0.0
2021-08-06,9.0,859.0,2021.0,8.0,6.0,2.0,1.0
2021-08-10,29.0,860.0,2021.0,8.0,10.0,2.0,1.0
2021-08-13,17.0,861.0,2021.0,8.0,13.0,2.0,1.0
2021-08-17,3.0,862.0,2021.0,8.0,17.0,2.0,1.0
2021-08-20,41.0,863.0,2021.0,8.0,20.0,2.0,1.0
2021-08-24,17.0,864.0,2021.0,8.0,24.0,2.0,1.0
2021-08-27,1.0,865.0,2021.0,8.0,27.0,2.0,0.0
2021-08-31,8.0,866.0,2021.0,8.0,31.0,2.0,1.0
2021-09-03,7.0,867.0,2021.0,9.0,3.0,2.0,1.0
2021-09-07,15.0,868.0,2021.0,9.0,7.0,2.0,1.0
2021-09-10,20.0,869.0,2021.0,9.0,10.0,2.0,1.0
2021-09-14,4.0,870.0,2021.0,9.0,14.0,2.0,1.0
2021-09-17,17.0,871.0,2021.0,9.0,17.0,2.0,1.0
2021-09-21,36.0,872.0,2021.0,9.0,21.0,2.0,1.0
2021-09-24,17.0,873.0,2021.0,9.0,24.0,2.0,1.0
2021-09-28,18.0,874.0,2021.0,9.0,28.0,2.0,1.0
2021-10-01,21.0,875.0,2021.0,10.0,1.0,2.0,1.0
2021-10-05,7.0,876.0,2021.0,10.0,5.0,2.0,1.0
2021-10-08,21.0,877.0,2021.0,10.0,8.0,2.0,1.0
2021-10-12,21.0,878.0,2021.0,10.0,12.0,2.0,1.0
2021-10-15,3.0,879.0,2021.0,10.0,15.0,2.0,1.0
2021-10-19,3.0,880.0,2021.0,10.0,19.0,2.0,1.0
2021-10-22,9.0,881.0,2021.0,10.0,22.0,2.0,1.0
2021-10-26,6.0,882.0,2021.0,10.0,26.0,2.0,1.0
2021-10-29,15.0,883.0,2021.0,10.0,29.0,2.0,1.0
2021-11-02,5.0,884.0,2021.0,11.0,2.0,2.0,1.0
2021-11-05,10.0,885.0,2021.0,11.0,5.0,2.0,1.0
2021-11-09,9.0,886.0,2021.0,11.0,9.0,2.0,1.0
2021-11-12,30.0,887.0,2021.0,11.0,12.0,2.0,1.0
2021-11-16,6.0,888.0,2021.0,11.0,16.0,2.0,1.0
2021-11-19,5.0,889.0,2021.0,11.0,19.0,2.0,1.0
2021-11-23,7.0,890.0,2021.0,11.0,23.0,2.0,1.0
2021-11-26,7.0,891.0,2021.0,11.0,26.0,2.0,1.0
2021-11-30,7.0,892.0,2021.0,11.0,30.0,2.0,1.0
2021-12-03,22.0,893.0,2021.0,12.0,3.0,2.0,1.0
2021-12-07,1.0,894.0,2021.0,12.0,7.0,2.0,0.0
2021-12-10,23.0,895.0,2021.0,12.0,10.0,2.0,1.0
2021-12-14,33.0,896.0,2021.0,12.0,14.0,2.0,1.0
2021-12-17,21.0,897.0,2021.0,12.0,17.0,2.0,1.0
2021-12-21,25.0,898.0,2021.0,12.0,21.0,2.0,1.0
2021-12-24,16.0,899.0,2021.0,12.0,24.0,2.0,1.0
2021-12-28,3.0,900.0,2021.0,12.0,28.0,2.0,1.0
2021-12-31,2.0,901.0,2021.0,12.0,31.0,2.0,0.0
2022-01-04,4.0,902.0,2022.0,1.0,4.0,2.0,1.0
2022-01-07,7.0,903.0,2022.0,1.0,7.0,2.0,1.0
2022-01-11,2.0,904.0,2022.0,1.0,11.0,2.0,0.0
2022-01-14,5.0,905.0,2022.0,1.0,14.0,2.0,1.0
2022-01-18,4.0,906.0,2022.0,1.0,18.0,2.0,1.0
2022-01-21,38.0,907.0,2022.0,1.0,21.0,2.0,1.0
2022-01-25,3.0,908.0,2022.0,1.0,25.0,2.0,1.0
2022-01-28,3.0,909.0,2022.0,1.0,28.0,2.0,1.0
2022-02-01,11.0,910.0,2022.0,2.0,1.0,2.0,1.0
2022-02-04,7.0,911.0,2022.0,2.0,4.0,2.0,1.0
2022-02-08,1.0,912.0,2022.0,2.0,8.0,2.0,0.0
2022-02-11,11.0,913.0,2022.0,2.0,11.0,2.0,1.0
2022-02-15,2.0,914.0,2022.0,2.0,15.0,2.0,0.0
2022-02-18,6.0,915.0,2022.0,2.0,18.0,2.0,1.0
2022-02-22,6.0,916.0,2022.0,2.0,22.0,2.0,1.0
2022-02-25,15.0,917.0,2022.0,2.0,25.0,2.0,1.0
2022-03-01,18.0,918.0,2022.0,3.0,1.0,2.0,1.0
2022-03-04,11.0,919.0,2022.0,3.0,4.0,2.0,1.0
2022-03-08,7.0,920.0,2022.0,3.0,8.0,2.0,1.0
2022-03-11,24.0,921.0,2022.0,3.0,11.0,2.0,1.0
2022-03-15,9.0,922.0,2022.0,3.0,15.0,2.0,1.0
2022-03-18,2.0,923.0,2022.0,3.0,18.0,2.0,0.0
2022-03-22,8.0,924.0,2022.0,3.0,22.0,2.0,1.0
2022-03-25,3.0,925.0,2022.0,3.0,25.0,2.0,1.0
2022-03-29,7.0,926.0,2022.0,3.0,29.0,2.0,1.0
2022-04-01,26.0,927.0,2022.0,4.0,1.0,2.0,1.0
2022-04-05,22.0,928.0,2022.0,4.0,5.0,2.0,1.0
2022-04-08,8.0,929.0,2022.0,4.0,8.0,2.0,1.0
2022-04-12,2.0,930.0,2022.0,4.0,12.0,2.0,0.0
2022-04-15,4.0,931.0,2022.0,4.0,15.0,2.0,1.0
2022-04-19,2.0,932.0,2022.0,4.0,19.0,2.0,0.0
2022-04-22,7.0,933.0,2022.0,4.0,22.0,2.0,1.0
2022-04-26,5.0,934.0,2022.0,4.0,26.0,2.0,1.0
2022-04-29,9.0,935.0,2022.0,4.0,29.0,2.0,1.0
2022-05-03,15.0,936.0,2022.0,5.0,3.0,2.0,1.0
2022-05-06,16.0,937.0,2022.0,5.0,6.0,2.0,1.0
2022-05-10,15.0,938.0,2022.0,5.0,10.0,2.0,1.0
2022-05-13,11.0,939.0,2022.0,5.0,13.0,2.0,1.0
2022-05-17,7.0,940.0,2022.0,5.0,17.0,2.0,1.0
2022-05-20,33.0,941.0,2022.0,5.0,20.0,2.0,1.0
2022-05-24,3.0,942.0,2022.0,5.0,24.0,2.0,1.0
2022-05-27,3.0,943.0,2022.0,5.0,27.0,2.0,1.0
2022-05-31,6.0,944.0,2022.0,5.0,31.0,2.0,1.0
2022-06-03,11.0,945.0,2022.0,6.0,3.0,2.0,1.0
2022-06-07,4.0,946.0,2022.0,6.0,7.0,2.0,1.0
2022-06-10,3.0,947.0,2022.0,6.0,10.0,2.0,1.0
2022-06-14,30.0,948.0,2022.0,6.0,14.0,2.0,1.0
2022-06-17,20.0,949.0,2022.0,6.0,17.0,2.0,1.0
2022-06-21,8.0,950.0,2022.0,6.0,21.0,2.0,1.0
2022-06-24,1.0,951.0,2022.0,6.0,24.0,2.0,0.0
2022-06-28,7.0,952.0,2022.0,6.0,28.0,2.0,1.0
2022-07-01,1.0,953.0,2022.0,7.0,1.0,2.0,0.0
2022-07-05,27.0,954.0,2022.0,7.0,5.0,2.0,1.0
2022-07-08,20.0,955.0,2022.0,7.0,8.0,2.0,1.0
2022-07-12,4.0,956.0,2022.0,7.0,12.0,2.0,1.0
2022-07-15,8.0,957.0,2022.0,7.0,15.0,2.0,1.0
2022-07-19,2.0,958.0,2022.0,7.0,19.0,2.0,0.0
2022-07-22,14.0,959.0,2022.0,7.0,22.0,2.0,1.0
2022-07-26,7.0,960.0,2022.0,7.0,26.0,2.0,1.0
2022-07-29,13.0,961.0,2022.0,7.0,29.0,2.0,1.0
2022-08-02,10.0,962.0,2022.0,8.0,2.0,2.0,1.0
2022-08-05,2.0,963.0,2022.0,8.0,5.0,2.0,0.0
2022-08-09,1.0,964.0,2022.0,8.0,9.0,2.0,0.0
2022-08-12,23.0,965.0,2022.0,8.0,12.0,2.0,1.0
2022-08-16,33.0,966.0,2022.0,8.0,16.0,2.0,1.0
2022-08-19,12.0,967.0,2022.0,8.0,19.0,2.0,1.0
2022-08-23,3.0,968.0,2022.0,8.0,23.0,2.0,1.0
2022-08-26,6.0,969.0,2022.0,8.0,26.0,2.0,1.0
2022-08-30,2.0,970.0,2022.0,8.0,30.0,2.0,0.0
2022-09-02,39.0,971.0,2022.0,9.0,2.0,2.0,1.0
2022-09-06,6.0,972.0,2022.0,9.0,6.0,2.0,1.0
2022-09-09,16.0,973.0,2022.0,9.0,9.0,2.0,1.0
2022-09-13,14.0,974.0,2022.0,9.0,13.0,2.0,1.0
2022-09-16,15.0,975.0,2022.0,9.0,16.0,2.0,1.0
2022-09-20,9.0,976.0,2022.0,9.0,20.0,2.0,1.0
2022-09-23,5.0,977.0,2022.0,9.0,23.0,2.0,1.0
2022-09-27,8.0,978.0,2022.0,9.0,27.0,2.0,1.0
2022-09-30,16.0,979.0,2022.0,9.0,30.0,2.0,1.0
2022-10-04,15.0,980.0,2022.0,10.0,4.0,2.0,1.0
2022-10-07,6.0,981.0,2022.0,10.0,7.0,2.0,1.0
2022-10-11,3.0,982.0,2022.0,10.0,11.0,2.0,1.0
2022-10-14,9.0,983.0,2022.0,10.0,14.0,2.0,1.0
2022-10-18,1.0,984.0,2022.0,10.0,18.0,2.0,0.0
2022-10-21,34.0,985.0,2022.0,10.0,21.0,2.0,1.0
2022-10-25,21.0,986.0,2022.0,10.0,25.0,2.0,1.0
2022-10-28,4.0,987.0,2022.0,10.0,28.0,2.0,1.0
2022-11-01,5.0,988.0,2022.0,11.0,1.0,2.0,1.0
2022-11-04,2.0,989.0,2022.0,11.0,4.0,2.0,0.0
2022-11-08,5.0,990.0,2022.0,11.0,8.0,2.0,1.0
2022-11-11,1.0,991.0,2022.0,11.0,11.0,2.0,0.0
2022-11-15,6.0,992.0,2022.0,11.0,15.0,2.0,1.0
2022-11-18,2.0,993.0,2022.0,11.0,18.0,2.0,0.0
2022-11-22,13.0,994.0,2022.0,11.0,22.0,2.0,1.0
2022-11-25,29.0,995.0,2022.0,11.0,25.0,2.0,1.0
2022-11-29,20.0,996.0,2022.0,11.0,29.0,2.0,1.0
2022-12-02,1.0,997.0,2022.0,12.0,2.0,2.0,0.0
2022-12-06,15.0,998.0,2022.0,12.0,6.0,2.0,1.0
2022-12-09,8.0,999.0,2022.0,12.0,9.0,2.0,1.0
